pokedex_number;name;japanese_name;classification;type1;type2;abilities;attack;sp_attack;sp_defense;speed;defense;hp;height_m;weight_kg;capture_rate;generation;is_legendary
1;Bulbasaur;Fushigidaneフシギダネ;Seed Pokémon;grass;poison;Chlorophyll, Overgrow;49;65;65;45;49;45;0.7;6.9;45;1;0
2;Ivysaur;Fushigisouフシギソウ;Seed Pokémon;grass;poison;Chlorophyll, Overgrow;62;80;80;60;63;60;1.0;13.0;45;1;0
3;Venusaur;Fushigibanaフシギバナ;Seed Pokémon;grass;poison;Chlorophyll, Overgrow;100;122;120;80;123;80;2.0;100.0;45;1;0
4;Charmander;Hitokageヒトカゲ;Lizard Pokémon;fire;;Solar Power, Blaze;52;60;50;65;43;39;0.6;8.5;45;1;0
5;Charmeleon;Lizardoリザード;Flame Pokémon;fire;;Solar Power, Blaze;64;80;65;80;58;58;1.1;19.0;45;1;0
6;Charizard;Lizardonリザードン;Flame Pokémon;fire;flying;Solar Power, Blaze;104;159;115;100;78;78;1.7;90.5;45;1;0
7;Squirtle;Zenigameゼニガメ;Tiny Turtle Pokémon;water;;Rain Dish, Torrent;48;50;64;43;65;44;0.5;9.0;45;1;0
8;Wartortle;Kameilカメール;Turtle Pokémon;water;;Rain Dish, Torrent;63;65;80;58;80;59;1.0;22.5;45;1;0
9;Blastoise;Kamexカメックス;Shellfish Pokémon;water;;Rain Dish, Torrent;103;135;115;78;120;79;1.6;85.5;45;1;0
10;Caterpie;Caterpieキャタピー;Worm Pokémon;bug;;Run Away, Shield Dust;30;20;20;45;35;45;0.3;2.9;255;1;0
11;Metapod;Transelトランセル;Cocoon Pokémon;bug;;Shed Skin;20;25;25;30;55;50;0.7;9.9;120;1;0
12;Butterfree;Butterfreeバタフリー;Butterfly Pokémon;bug;flying;Compoundeyes, Tinted Lens;45;90;80;70;50;60;1.1;32.0;45;1;0
13;Weedle;Beedleビードル;Hairy Pokémon;bug;poison;Run Away, Shield Dust;35;20;20;50;30;40;0.3;3.2;255;1;0
14;Kakuna;Cocoonコクーン;Cocoon Pokémon;bug;poison;Shed Skin;25;25;25;35;50;45;0.6;10.0;120;1;0
15;Beedrill;Spearスピアー;Poison Bee Pokémon;bug;poison;Swarm, Sniper;150;15;80;145;40;65;1.0;29.5;45;1;0
16;Pidgey;Poppoポッポ;Tiny Bird Pokémon;normal;flying;Tangled Feet, Keen Eye, Big Pecks;45;35;35;56;40;40;0.3;1.8;255;1;0
17;Pidgeotto;Pigeonピジョン;Bird Pokémon;normal;flying;Tangled Feet, Keen Eye, Big Pecks;60;50;50;71;55;63;1.1;30.0;120;1;0
18;Pidgeot;Pigeotピジョット;Bird Pokémon;normal;flying;Tangled Feet, Keen Eye, Big Pecks;80;135;80;121;80;83;1.5;39.5;45;1;0
19;Rattata;Korattaコラッタ;Mouse Pokémon;normal;dark;Guts, Thick Fat, Run Away, Gluttony, Hustle;56;25;35;72;35;30;;;255;1;0
20;Raticate;Rattaラッタ;Mouse Pokémon;normal;dark;Guts, Thick Fat, Run Away, Gluttony, Hustle;71;40;80;77;70;75;;;127;1;0
21;Spearow;Onisuzumeオニスズメ;Tiny Bird Pokémon;normal;flying;Keen Eye, Sniper;60;31;31;70;30;40;0.3;2.0;255;1;0
22;Fearow;Onidrillオニドリル;Beak Pokémon;normal;flying;Keen Eye, Sniper;90;61;61;100;65;65;1.2;38.0;90;1;0
23;Ekans;Arboアーボ;Snake Pokémon;poison;;Shed Skin, Intimidate, Unnerve;60;40;54;55;44;35;2.0;6.9;255;1;0
24;Arbok;Arbokアーボック;Cobra Pokémon;poison;;Shed Skin, Intimidate, Unnerve;95;65;79;80;69;60;3.5;65.0;90;1;0
25;Pikachu;Pikachuピカチュウ;Mouse Pokémon;electric;;Lightningrod, Static;55;50;50;90;40;35;0.4;6.0;190;1;0
26;Raichu;Raichuライチュウ;Mouse Pokémon;electric;electric;Lightningrod, Static, Surge Surfer;85;95;85;110;50;60;;;75;1;0
27;Sandshrew;Sandサンド;Mouse Pokémon;ground;ice;Sand Veil, Sand Rush, Slush Rush, Snow Cloak;75;10;35;40;90;50;;;255;1;0
28;Sandslash;Sandpanサンドパン;Mouse Pokémon;ground;ice;Sand Veil, Sand Rush, Slush Rush, Snow Cloak;100;25;65;65;120;75;;;90;1;0
29;Nidoran♀;Nidoran?ニドラン♀;Poison Pin Pokémon;poison;;Rivalry, Poison Point, Hustle;47;40;40;41;52;55;0.4;7.0;235;1;0
30;Nidorina;Nidorinaニドリーナ;Poison Pin Pokémon;poison;;Rivalry, Poison Point, Hustle;62;55;55;56;67;70;0.8;20.0;120;1;0
31;Nidoqueen;Nidoqueenニドクイン;Drill Pokémon;poison;ground;Rivalry, Poison Point, Sheer Force;92;75;85;76;87;90;1.3;60.0;45;1;0
32;Nidoran♂;Nidoran?ニドラン♂;Poison Pin Pokémon;poison;;Rivalry, Poison Point, Hustle;57;40;40;50;40;46;0.5;9.0;235;1;0
33;Nidorino;Nidorinoニドリーノ;Poison Pin Pokémon;poison;;Rivalry, Poison Point, Hustle;72;55;55;65;57;61;0.9;19.5;120;1;0
34;Nidoking;Nidokingニドキング;Drill Pokémon;poison;ground;Rivalry, Poison Point, Sheer Force;102;85;75;85;77;81;1.4;62.0;45;1;0
35;Clefairy;Pippiピッピ;Fairy Pokémon;fairy;;Magic Guard, Friend Guard, Cute Charm;45;60;65;35;48;70;0.6;7.5;150;1;0
36;Clefable;Pixyピクシー;Fairy Pokémon;fairy;;Magic Guard, Cute Charm, Unaware;70;95;90;60;73;95;1.3;40.0;25;1;0
37;Vulpix;Rokonロコン;Fox Pokémon;fire;ice;Flash Fire, Snow Warning, Drought, Snow Cloak;41;50;65;65;40;38;;;190;1;0
38;Ninetales;Kyukonキュウコン;Fox Pokémon;fire;ice;Flash Fire, Snow Warning, Drought, Snow Cloak;67;81;100;109;75;73;;;75;1;0
39;Jigglypuff;Purinプリン;Balloon Pokémon;normal;fairy;Friend Guard, Cute Charm, Competitive;45;45;25;20;20;115;0.5;5.5;170;1;0
40;Wigglytuff;Pukurinプクリン;Balloon Pokémon;normal;fairy;Frisk, Cute Charm, Competitive;70;85;50;45;45;140;1.0;12.0;50;1;0
41;Zubat;Zubatズバット;Bat Pokémon;poison;flying;Infiltrator, Inner Focus;45;30;40;55;35;40;0.8;7.5;255;1;0
42;Golbat;Golbatゴルバット;Bat Pokémon;poison;flying;Infiltrator, Inner Focus;80;65;75;90;70;75;1.6;55.0;90;1;0
43;Oddish;Nazonokusaナゾノクサ;Weed Pokémon;grass;poison;Chlorophyll, Run Away;50;75;65;30;55;45;0.5;5.4;255;1;0
44;Gloom;Kusaihanaクサイハナ;Weed Pokémon;grass;poison;Chlorophyll, Stench;65;85;75;40;70;60;0.8;8.6;120;1;0
45;Vileplume;Ruffresiaラフレシア;Flower Pokémon;grass;poison;Chlorophyll, Effect Spore;80;110;90;50;85;75;1.2;18.6;45;1;0
46;Paras;Parasパラス;Mushroom Pokémon;bug;grass;Damp, Effect Spore, Dry Skin;70;45;55;25;55;35;0.3;5.4;190;1;0
47;Parasect;Parasectパラセクト;Mushroom Pokémon;bug;grass;Damp, Effect Spore, Dry Skin;95;60;80;30;80;60;1.0;29.5;75;1;0
48;Venonat;Kongpangコンパン;Insect Pokémon;bug;poison;Run Away, Compoundeyes, Tinted Lens;55;40;55;45;50;60;1.0;30.0;190;1;0
49;Venomoth;Morphonモルフォン;Poison Moth Pokémon;bug;poison;Wonder Skin, Tinted Lens, Shield Dust;65;90;75;90;60;70;1.5;12.5;75;1;0
50;Diglett;Digdaディグダ;Mole Pokémon;ground;ground;Sand Veil, Tangling Hair, Arena Trap, Sand Force;55;35;45;90;30;10;;;255;1;0
51;Dugtrio;Dugtrioダグトリオ;Mole Pokémon;ground;ground;Sand Veil, Tangling Hair, Arena Trap, Sand Force;100;50;70;110;60;35;;;50;1;0
52;Meowth;Nyarthニャース;Scratch Cat Pokémon;normal;dark;Rattled, Unnerve, Technician, Pickup;35;50;40;90;35;40;;;255;1;0
53;Persian;Persianペルシアン;Classy Cat Pokémon;normal;dark;Fur Coat, Limber, Technician, Rattled, Unnerve;60;75;65;115;60;65;;;90;1;0
54;Psyduck;Koduckコダック;Duck Pokémon;water;;Damp, Cloud Nine, Swift Swim;52;65;50;55;48;50;0.8;19.6;190;1;0
55;Golduck;Golduckゴルダック;Duck Pokémon;water;;Damp, Cloud Nine, Swift Swim;82;95;80;85;78;80;1.7;76.6;75;1;0
56;Mankey;Mankeyマンキー;Pig Monkey Pokémon;fighting;;Defiant, Anger Point, Vital Spirit;80;35;45;70;35;40;0.5;28.0;190;1;0
57;Primeape;Okorizaruオコリザル;Pig Monkey Pokémon;fighting;;Defiant, Anger Point, Vital Spirit;105;60;70;95;60;65;1.0;32.0;75;1;0
58;Growlithe;Gardieガーディ;Puppy Pokémon;fire;;Justified, Flash Fire, Intimidate;70;70;50;60;45;55;0.7;19.0;190;1;0
59;Arcanine;Windieウインディ;Legendary Pokémon;fire;;Justified, Flash Fire, Intimidate;110;100;80;95;80;90;1.9;155.0;75;1;0
60;Poliwag;Nyoromoニョロモ;Tadpole Pokémon;water;;Damp, Water Absorb, Swift Swim;50;40;40;90;40;40;0.6;12.4;255;1;0
61;Poliwhirl;Nyorozoニョロゾ;Tadpole Pokémon;water;;Damp, Water Absorb, Swift Swim;65;50;50;90;65;65;1.0;20.0;120;1;0
62;Poliwrath;Nyorobonニョロボン;Tadpole Pokémon;water;fighting;Damp, Water Absorb, Swift Swim;95;70;90;70;95;90;1.3;54.0;45;1;0
63;Abra;Caseyケーシィ;Psi Pokémon;psychic;;Magic Guard, Inner Focus, Synchronize;20;105;55;90;15;25;0.9;19.5;200;1;0
64;Kadabra;Yungererユンゲラー;Psi Pokémon;psychic;;Magic Guard, Inner Focus, Synchronize;35;120;70;105;30;40;1.3;56.5;100;1;0
65;Alakazam;Foodinフーディン;Psi Pokémon;psychic;;Magic Guard, Inner Focus, Synchronize;50;175;105;150;65;55;1.5;48.0;50;1;0
66;Machop;Wanrikyワンリキー;Superpower Pokémon;fighting;;Guts, No Guard, Steadfast;80;35;35;35;50;70;0.8;19.5;180;1;0
67;Machoke;Gorikyゴーリキー;Superpower Pokémon;fighting;;Guts, No Guard, Steadfast;100;50;60;45;70;80;1.5;70.5;90;1;0
68;Machamp;Kairikyカイリキー;Superpower Pokémon;fighting;;Guts, No Guard, Steadfast;130;65;85;55;80;90;1.6;130.0;45;1;0
69;Bellsprout;Madatsubomiマダツボミ;Flower Pokémon;grass;poison;Chlorophyll, Gluttony;75;70;30;40;35;50;0.7;4.0;255;1;0
70;Weepinbell;Utsudonウツドン;Flycatcher Pokémon;grass;poison;Chlorophyll, Gluttony;90;85;45;55;50;65;1.0;6.4;120;1;0
71;Victreebel;Utsubotウツボット;Flycatcher Pokémon;grass;poison;Chlorophyll, Gluttony;105;100;70;70;65;80;1.7;15.5;45;1;0
72;Tentacool;Menokurageメノクラゲ;Jellyfish Pokémon;water;poison;Rain Dish, Clear Body, Liquid Ooze;40;50;100;70;35;40;0.9;45.5;190;1;0
73;Tentacruel;Dokukurageドククラゲ;Jellyfish Pokémon;water;poison;Rain Dish, Clear Body, Liquid Ooze;70;80;120;100;65;80;1.6;55.0;60;1;0
74;Geodude;Isitsubuteイシツブテ;Rock Pokémon;rock;ground;Galvanize, Sturdy, Sand Veil, Magnet Pull, Rock Head;80;30;30;20;100;40;;;255;1;0
75;Graveler;Goloneゴローン;Rock Pokémon;rock;ground;Galvanize, Sturdy, Sand Veil, Magnet Pull, Rock Head;95;45;45;35;115;55;;;120;1;0
76;Golem;Golonyaゴローニャ;Megaton Pokémon;rock;ground;Galvanize, Sturdy, Sand Veil, Magnet Pull, Rock Head;120;55;65;45;130;80;;;45;1;0
77;Ponyta;Ponytaポニータ;Fire Horse Pokémon;fire;;Flame Body, Flash Fire, Run Away;85;65;65;90;55;50;1.0;30.0;190;1;0
78;Rapidash;Gallopギャロップ;Fire Horse Pokémon;fire;;Flame Body, Flash Fire, Run Away;100;80;80;105;70;65;1.7;95.0;60;1;0
79;Slowpoke;Yadonヤドン;Dopey Pokémon;water;psychic;Regenerator, Oblivious, Own Tempo;65;40;40;15;65;90;1.2;36.0;190;1;0
80;Slowbro;Yadoranヤドラン;Hermit Crab Pokémon;water;psychic;Regenerator, Oblivious, Own Tempo;75;130;80;30;180;95;1.6;78.5;75;1;0
81;Magnemite;Coilコイル;Magnet Pokémon;electric;steel;Analytic, Magnet Pull, Sturdy;35;95;55;45;70;25;0.3;6.0;190;1;0
82;Magneton;Rarecoilレアコイル;Magnet Pokémon;electric;steel;Analytic, Magnet Pull, Sturdy;60;120;70;70;95;50;1.0;60.0;60;1;0
83;Farfetch'd;Kamonegiカモネギ;Wild Duck Pokémon;normal;flying;Defiant, Keen Eye, Inner Focus;90;58;62;60;55;52;0.8;15.0;45;1;0
84;Doduo;Dodoドードー;Twin Bird Pokémon;normal;flying;Tangled Feet, Run Away, Early Bird;85;35;35;75;45;35;1.4;39.2;190;1;0
85;Dodrio;Dodorioドードリオ;Triple Bird Pokémon;normal;flying;Tangled Feet, Run Away, Early Bird;110;60;60;110;70;60;1.8;85.2;45;1;0
86;Seel;Pawouパウワウ;Sea Lion Pokémon;water;;Thick Fat, Ice Body, Hydration;45;45;70;45;55;65;1.1;90.0;190;1;0
87;Dewgong;Jugonジュゴン;Sea Lion Pokémon;water;ice;Thick Fat, Ice Body, Hydration;70;70;95;70;80;90;1.7;120.0;75;1;0
88;Grimer;Betbeterベトベター;Sludge Pokémon;poison;poison;Sticky Hold, Poison Touch, Stench, Power of Alchemy, Gluttony;80;40;50;25;50;80;;;190;1;0
89;Muk;Betbetonベトベトン;Sludge Pokémon;poison;poison;Sticky Hold, Poison Touch, Stench, Power of Alchemy, Gluttony;105;65;100;50;75;105;;;75;1;0
90;Shellder;Shellderシェルダー;Bivalve Pokémon;water;;Shell Armor, Skill Link, Overcoat;65;45;25;40;100;30;0.3;4.0;190;1;0
91;Cloyster;Parshenパルシェン;Bivalve Pokémon;water;ice;Shell Armor, Skill Link, Overcoat;95;85;45;70;180;50;1.5;132.5;60;1;0
92;Gastly;Ghosゴース;Gas Pokémon;ghost;poison;Levitate;35;100;35;80;30;30;1.3;0.1;190;1;0
93;Haunter;Ghostゴースト;Gas Pokémon;ghost;poison;Levitate;50;115;55;95;45;45;1.6;0.1;90;1;0
94;Gengar;Gangarゲンガー;Shadow Pokémon;ghost;poison;Cursed Body;65;170;95;130;80;60;1.5;40.5;45;1;0
95;Onix;Iwarkイワーク;Rock Snake Pokémon;rock;ground;Weak Armor, Sturdy, Rock Head;45;30;45;70;160;35;8.8;210.0;45;1;0
96;Drowzee;Sleepeスリープ;Hypnosis Pokémon;psychic;;Inner Focus, Insomnia, Forewarn;48;43;90;42;45;60;1.0;32.4;190;1;0
97;Hypno;Sleeperスリーパー;Hypnosis Pokémon;psychic;;Inner Focus, Insomnia, Forewarn;73;73;115;67;70;85;1.6;75.6;75;1;0
98;Krabby;Crabクラブ;River Crab Pokémon;water;;Shell Armor, Hyper Cutter, Sheer Force;105;25;25;50;90;30;0.4;6.5;225;1;0
99;Kingler;Kinglerキングラー;Pincer Pokémon;water;;Shell Armor, Hyper Cutter, Sheer Force;130;50;50;75;115;55;1.3;60.0;60;1;0
100;Voltorb;Biriridamaビリリダマ;Ball Pokémon;electric;;Aftermath, Soundproof, Static;30;55;55;100;50;40;0.5;10.4;190;1;0
101;Electrode;Marumineマルマイン;Ball Pokémon;electric;;Aftermath, Soundproof, Static;50;80;80;150;70;60;1.2;66.6;60;1;0
102;Exeggcute;Tamatamaタマタマ;Egg Pokémon;grass;psychic;Chlorophyll, Harvest;40;60;45;40;80;60;0.4;2.5;90;1;0
103;Exeggutor;Nassyナッシー;Coconut Pokémon;grass;psychic;Chlorophyll, Harvest, Frisk;105;125;75;45;85;95;;;45;1;0
104;Cubone;Karakaraカラカラ;Lonely Pokémon;ground;;Lightningrod, Battle Armor, Rock Head;50;40;50;35;95;50;0.4;6.5;190;1;0
105;Marowak;Garagaraガラガラ;Bone Keeper Pokémon;ground;fire;Lightningrod, Battle Armor, Cursed Body, Rock Head;80;50;80;45;110;60;;;75;1;0
106;Hitmonlee;Sawamularサワムラー;Kicking Pokémon;fighting;;Reckless, Limber, Unburden;120;35;110;87;53;50;1.5;49.8;45;1;0
107;Hitmonchan;Ebiwalarエビワラー;Punching Pokémon;fighting;;Iron Fist, Keen Eye, Inner Focus;105;35;110;76;79;50;1.4;50.2;45;1;0
108;Lickitung;Beroringaベロリンガ;Licking Pokémon;normal;;Cloud Nine, Oblivious, Own Tempo;55;60;75;30;75;90;1.2;65.5;45;1;0
109;Koffing;Dogarsドガース;Poison Gas Pokémon;poison;;Levitate;65;60;45;35;95;40;0.6;1.0;190;1;0
110;Weezing;Matadogasマタドガス;Poison Gas Pokémon;poison;;Levitate;90;85;70;60;120;65;1.2;9.5;60;1;0
111;Rhyhorn;Sihornサイホーン;Spikes Pokémon;ground;rock;Lightningrod, Reckless, Rock Head;85;30;30;25;95;80;1.0;115.0;120;1;0
112;Rhydon;Sidonサイドン;Drill Pokémon;ground;rock;Lightningrod, Reckless, Rock Head;130;45;45;40;120;105;1.9;120.0;60;1;0
113;Chansey;Luckyラッキー;Egg Pokémon;normal;;Healer, Natural Cure, Serene Grace;5;35;105;50;5;250;1.1;34.6;30;1;0
114;Tangela;Monjaraモンジャラ;Vine Pokémon;grass;;Chlorophyll, Leaf Guard, Regenerator;55;100;40;60;115;65;1.0;35.0;45;1;0
115;Kangaskhan;Garuraガルーラ;Parent Pokémon;normal;;Scrappy, Early Bird, Inner Focus;125;60;100;100;100;105;2.2;80.0;45;1;0
116;Horsea;Tattuタッツー;Dragon Pokémon;water;;Damp, Swift Swim, Sniper;40;70;25;60;70;30;0.4;8.0;225;1;0
117;Seadra;Seadraシードラ;Dragon Pokémon;water;;Damp, Poison Point, Sniper;65;95;45;85;95;55;1.2;25.0;75;1;0
118;Goldeen;Tosakintoトサキント;Goldfish Pokémon;water;;Water Veil, Lightningrod, Swift Swim;67;35;50;63;60;45;0.6;15.0;225;1;0
119;Seaking;Azumaoアズマオウ;Goldfish Pokémon;water;;Water Veil, Lightningrod, Swift Swim;92;65;80;68;65;80;1.3;39.0;60;1;0
120;Staryu;Hitodemanヒトデマン;Starshape Pokémon;water;;Analytic, Illuminate, Natural Cure;45;70;55;85;55;30;0.8;34.5;225;1;0
121;Starmie;Starmieスターミー;Mysterious Pokémon;water;psychic;Analytic, Illuminate, Natural Cure;75;100;85;115;85;60;1.1;80.0;60;1;0
122;Mr. Mime;Barrierdバリヤード;Barrier Pokémon;psychic;fairy;Soundproof, Filter, Technician;45;100;120;90;65;40;1.3;54.5;45;1;0
123;Scyther;Strikeストライク;Mantis Pokémon;bug;flying;Swarm, Technician, Steadfast;110;55;80;105;80;70;1.5;56.0;45;1;0
124;Jynx;Rougelaルージュラ;Humanshape Pokémon;ice;psychic;Dry Skin, Oblivious, Forewarn;50;115;95;95;35;65;1.4;40.6;45;1;0
125;Electabuzz;Elebooエレブー;Electric Pokémon;electric;;Static, Vital Spirit;83;95;85;105;57;65;1.1;30.0;45;1;0
126;Magmar;Booberブーバー;Spitfire Pokémon;fire;;Flame Body, Vital Spirit;95;100;85;93;57;65;1.3;44.5;45;1;0
127;Pinsir;Kailiosカイロス;Stagbeetle Pokémon;bug;;Moxie, Hyper Cutter, Mold Breaker;155;65;90;105;120;65;1.5;55.0;45;1;0
128;Tauros;Kentaurosケンタロス;Wild Bull Pokémon;normal;;Anger Point, Sheer Force, Intimidate;100;40;70;110;95;75;1.4;88.4;45;1;0
129;Magikarp;Koikingコイキング;Fish Pokémon;water;;Rattled, Swift Swim;10;15;20;80;55;20;0.9;10.0;255;1;0
130;Gyarados;Gyaradosギャラドス;Atrocious Pokémon;water;flying;Intimidate, Moxie;155;70;130;81;109;95;6.5;235.0;45;1;0
131;Lapras;Laplaceラプラス;Transport Pokémon;water;ice;Shell Armor, Water Absorb, Hydration;85;85;95;60;80;130;2.5;220.0;45;1;0
132;Ditto;Metamonメタモン;Transform Pokémon;normal;;Limber, Imposter;48;48;48;48;48;48;0.3;4.0;35;1;0
133;Eevee;Eievuiイーブイ;Evolution Pokémon;normal;;Adaptability, Run Away, Anticipation;55;45;65;55;50;55;0.3;6.5;45;1;0
134;Vaporeon;Showersシャワーズ;Bubble Jet Pokémon;water;;Water Absorb, Hydration;65;110;95;65;60;130;1.0;29.0;45;1;0
135;Jolteon;Thundersサンダース;Lightning Pokémon;electric;;Quick Feet, Volt Absorb;65;110;95;130;60;65;0.8;24.5;45;1;0
136;Flareon;Boosterブースター;Flame Pokémon;fire;;Guts, Flash Fire;130;95;110;65;60;65;0.9;25.0;45;1;0
137;Porygon;Porygonポリゴン;Virtual Pokémon;normal;;Download, Trace, Analytic;60;85;75;40;70;65;0.8;36.5;45;1;0
138;Omanyte;Omniteオムナイト;Spiral Pokémon;rock;water;Weak Armor, Shell Armor, Swift Swim;40;90;55;35;100;35;0.4;7.5;45;1;0
139;Omastar;Omstarオムスター;Spiral Pokémon;rock;water;Weak Armor, Shell Armor, Swift Swim;60;115;70;55;125;70;1.0;35.0;45;1;0
140;Kabuto;Kabutoカブト;Shellfish Pokémon;rock;water;Weak Armor, Battle Armor, Swift Swim;80;55;45;55;90;30;0.5;11.5;45;1;0
141;Kabutops;Kabutopsカブトプス;Shellfish Pokémon;rock;water;Weak Armor, Battle Armor, Swift Swim;115;65;70;80;105;60;1.3;40.5;45;1;0
142;Aerodactyl;Pteraプテラ;Fossil Pokémon;rock;flying;Unnerve, Pressure, Rock Head;135;70;95;150;85;80;1.8;59.0;45;1;0
143;Snorlax;Kabigonカビゴン;Sleeping Pokémon;normal;;Immunity, Gluttony, Thick Fat;110;65;110;30;65;160;2.1;460.0;25;1;0
144;Articuno;Freezerフリーザー;Freeze Pokémon;ice;flying;Pressure, Snow Cloak;85;95;125;85;100;90;1.7;55.4;3;1;1
145;Zapdos;Thunderサンダー;Electric Pokémon;electric;flying;Static, Pressure;90;125;90;100;85;90;1.6;52.6;3;1;1
146;Moltres;Fireファイヤー;Flame Pokémon;fire;flying;Flame Body, Pressure;100;125;85;90;90;90;2.0;60.0;3;1;1
147;Dratini;Miniryuミニリュウ;Dragon Pokémon;dragon;;Marvel Scale, Shed Skin;64;50;50;50;45;41;1.8;3.3;45;1;0
148;Dragonair;Hakuryuハクリュー;Dragon Pokémon;dragon;;Marvel Scale, Shed Skin;84;70;70;70;65;61;4.0;16.5;45;1;0
149;Dragonite;Kairyuカイリュー;Dragon Pokémon;dragon;flying;Multiscale, Inner Focus;134;100;100;80;95;91;2.2;210.0;45;1;0
150;Mewtwo;Mewtwoミュウツー;Genetic Pokémon;psychic;;Pressure, Unnerve;150;194;120;140;70;106;2.0;122.0;3;1;1
151;Mew;Mewミュウ;New Species Pokémon;psychic;;Synchronize;100;100;100;100;100;100;0.4;4.0;45;1;1
152;Chikorita;Chicoritaチコリータ;Leaf Pokémon;grass;;Leaf Guard, Overgrow;49;49;65;45;65;45;0.9;6.4;45;2;0
153;Bayleef;Bayleafベイリーフ;Leaf Pokémon;grass;;Leaf Guard, Overgrow;62;63;80;60;80;60;1.2;15.8;45;2;0
154;Meganium;Meganiumメガニウム;Herb Pokémon;grass;;Leaf Guard, Overgrow;82;83;100;80;100;80;1.8;100.5;45;2;0
155;Cyndaquil;Hinoarashiヒノアラシ;Fire Mouse Pokémon;fire;;Flash Fire, Blaze;52;60;50;65;43;39;0.5;7.9;45;2;0
156;Quilava;Magmarashiマグマラシ;Volcano Pokémon;fire;;Flash Fire, Blaze;64;80;65;80;58;58;0.9;19.0;45;2;0
157;Typhlosion;Bakphoonバクフーン;Volcano Pokémon;fire;;Flash Fire, Blaze;84;109;85;100;78;78;1.7;79.5;45;2;0
158;Totodile;Waninokoワニノコ;Big Jaw Pokémon;water;;Torrent, Sheer Force;65;44;48;43;64;50;0.6;9.5;45;2;0
159;Croconaw;Alligatesアリゲイツ;Big Jaw Pokémon;water;;Torrent, Sheer Force;80;59;63;58;80;65;1.1;25.0;45;2;0
160;Feraligatr;Ordileオーダイル;Big Jaw Pokémon;water;;Torrent, Sheer Force;105;79;83;78;100;85;2.3;88.8;45;2;0
161;Sentret;Otachiオタチ;Scout Pokémon;normal;;Keen Eye, Run Away, Frisk;46;35;45;20;34;35;0.8;6.0;255;2;0
162;Furret;Ootachiオオタチ;Long Body Pokémon;normal;;Keen Eye, Run Away, Frisk;76;45;55;90;64;85;1.8;32.5;90;2;0
163;Hoothoot;Hohoホーホー;Owl Pokémon;normal;flying;Keen Eye, Insomnia, Tinted Lens;30;36;56;50;30;60;0.7;21.2;255;2;0
164;Noctowl;Yorunozukuヨルノズク;Owl Pokémon;normal;flying;Keen Eye, Insomnia, Tinted Lens;50;86;96;70;50;100;1.6;40.8;90;2;0
165;Ledyba;Redibaレディバ;Five Star Pokémon;bug;flying;Swarm, Rattled, Early Bird;20;40;80;55;30;40;1.0;10.8;255;2;0
166;Ledian;Redianレディアン;Five Star Pokémon;bug;flying;Swarm, Iron Fist, Early Bird;35;55;110;85;50;55;1.4;35.6;90;2;0
167;Spinarak;Itomaruイトマル;String Spit Pokémon;bug;poison;Swarm, Insomnia, Sniper;60;40;40;30;40;40;0.5;8.5;255;2;0
168;Ariados;Ariadosアリアドス;Long Leg Pokémon;bug;poison;Swarm, Insomnia, Sniper;90;60;70;40;70;70;1.1;33.5;90;2;0
169;Crobat;Crobatクロバット;Bat Pokémon;poison;flying;Infiltrator, Inner Focus;90;70;80;130;80;85;1.8;75.0;90;2;0
170;Chinchou;Chonchieチョンチー;Angler Pokémon;water;electric;Illuminate, Water Absorb, Volt Absorb;38;56;56;67;38;75;0.5;12.0;190;2;0
171;Lanturn;Lanternランターン;Light Pokémon;water;electric;Illuminate, Water Absorb, Volt Absorb;58;76;76;67;58;125;1.2;22.5;75;2;0
172;Pichu;Pichuピチュー;Tiny Mouse Pokémon;electric;;Lightningrod, Static;40;35;35;60;15;20;0.3;2.0;190;2;0
173;Cleffa;Pyピィ;Star Shape Pokémon;fairy;;Magic Guard, Friend Guard, Cute Charm;25;45;55;15;28;50;0.3;3.0;150;2;0
174;Igglybuff;Pupurinププリン;Balloon Pokémon;normal;fairy;Friend Guard, Cute Charm, Competitive;30;40;20;15;15;90;0.3;1.0;170;2;0
175;Togepi;Togepyトゲピー;Spike Ball Pokémon;fairy;;Super Luck, Hustle, Serene Grace;20;40;65;20;65;35;0.3;1.5;190;2;0
176;Togetic;Togechickトゲチック;Happiness Pokémon;fairy;flying;Super Luck, Hustle, Serene Grace;40;80;105;40;85;55;0.6;3.2;75;2;0
177;Natu;Natyネイティ;Little Bird Pokémon;psychic;flying;Magic Bounce, Early Bird, Synchronize;50;70;45;70;45;40;0.2;2.0;190;2;0
178;Xatu;Natioネイティオ;Mystic Pokémon;psychic;flying;Magic Bounce, Early Bird, Synchronize;75;95;70;95;70;65;1.5;15.0;75;2;0
179;Mareep;Merriepメリープ;Wool Pokémon;electric;;Plus, Static;40;65;45;35;40;55;0.6;7.8;235;2;0
180;Flaaffy;Mokokoモココ;Wool Pokémon;electric;;Plus, Static;55;80;60;45;55;70;0.8;13.3;120;2;0
181;Ampharos;Denryuデンリュウ;Light Pokémon;electric;;Plus, Static;95;165;110;45;105;90;1.4;61.5;45;2;0
182;Bellossom;Kireihanaキレイハナ;Flower Pokémon;grass;;Chlorophyll, Healer;80;90;100;50;95;75;0.4;5.8;45;2;0
183;Marill;Marilマリル;Aquamouse Pokémon;water;fairy;Thick Fat, Sap Sipper, Huge Power;20;20;50;40;50;70;0.4;8.5;190;2;0
184;Azumarill;Marilliマリルリ;Aquarabbit Pokémon;water;fairy;Thick Fat, Sap Sipper, Huge Power;50;60;80;50;80;100;0.8;28.5;75;2;0
185;Sudowoodo;Usokkieウソッキー;Imitation Pokémon;rock;;Rattled, Sturdy, Rock Head;100;30;65;30;115;70;1.2;38.0;65;2;0
186;Politoed;Nyorotonoニョロトノ;Frog Pokémon;water;;Damp, Drizzle, Water Absorb;75;90;100;70;75;90;1.1;33.9;45;2;0
187;Hoppip;Haneccoハネッコ;Cottonweed Pokémon;grass;flying;Chlorophyll, Leaf Guard, Infiltrator;35;35;55;50;40;35;0.4;0.5;255;2;0
188;Skiploom;Popoccoポポッコ;Cottonweed Pokémon;grass;flying;Chlorophyll, Leaf Guard, Infiltrator;45;45;65;80;50;55;0.6;1.0;120;2;0
189;Jumpluff;Wataccoワタッコ;Cottonweed Pokémon;grass;flying;Chlorophyll, Leaf Guard, Infiltrator;55;55;95;110;70;75;0.8;3.0;45;2;0
190;Aipom;Eipamエイパム;Long Tail Pokémon;normal;;Run Away, Skill Link, Pickup;70;40;55;85;55;55;0.8;11.5;45;2;0
191;Sunkern;Himanutsヒマナッツ;Seed Pokémon;grass;;Chlorophyll, Solar Power, Early Bird;30;30;30;30;30;30;0.3;1.8;235;2;0
192;Sunflora;Kimawariキマワリ;Sun Pokémon;grass;;Chlorophyll, Solar Power, Early Bird;75;105;85;30;55;75;0.8;8.5;120;2;0
193;Yanma;Yanyanmaヤンヤンマ;Clear Wing Pokémon;bug;flying;Speed Boost, Compoundeyes, Frisk;65;75;45;95;45;65;1.2;38.0;75;2;0
194;Wooper;Upahウパー;Water Fish Pokémon;water;ground;Damp, Water Absorb, Unaware;45;25;25;15;45;55;0.4;8.5;255;2;0
195;Quagsire;Nuohヌオー;Water Fish Pokémon;water;ground;Damp, Water Absorb, Unaware;85;65;65;35;85;95;1.4;75.0;90;2;0
196;Espeon;Eifieエーフィ;Sun Pokémon;psychic;;Magic Bounce, Synchronize;65;130;95;110;60;65;0.9;26.5;45;2;0
197;Umbreon;Blackyブラッキー;Moonlight Pokémon;dark;;Inner Focus, Synchronize;65;60;130;65;110;95;1.0;27.0;45;2;0
198;Murkrow;Yamikarasuヤミカラス;Darkness Pokémon;dark;flying;Super Luck, Insomnia, Prankster;85;85;42;91;42;60;0.5;2.1;30;2;0
199;Slowking;Yadokingヤドキング;Royal Pokémon;water;psychic;Regenerator, Oblivious, Own Tempo;75;100;110;30;80;95;2.0;79.5;70;2;0
200;Misdreavus;Mumaムウマ;Screech Pokémon;ghost;;Levitate;60;85;85;85;60;60;0.7;1.0;45;2;0
201;Unown;Unknownアンノーン;Symbol Pokémon;psychic;;Levitate;72;72;48;48;48;48;0.5;5.0;225;2;0
202;Wobbuffet;Sonansソーナンス;Patient Pokémon;psychic;;Telepathy, Shadow Tag;33;33;58;33;58;190;1.3;28.5;45;2;0
203;Girafarig;Kirinrikiキリンリキ;Long Neck Pokémon;normal;psychic;Early Bird, Inner Focus, Sap Sipper;80;90;65;85;65;70;1.5;41.5;60;2;0
204;Pineco;Kunugidamaクヌギダマ;Bagworm Pokémon;bug;;Sturdy, Overcoat;65;35;35;15;90;50;0.6;7.2;190;2;0
205;Forretress;Foretosフォレトス;Bagworm Pokémon;bug;steel;Sturdy, Overcoat;90;60;60;40;140;75;1.2;125.8;75;2;0
206;Dunsparce;Nokocchiノコッチ;Land Snake Pokémon;normal;;Rattled, Run Away, Serene Grace;70;65;65;45;70;100;1.5;14.0;190;2;0
207;Gligar;Gligerグライガー;Flyscorpion Pokémon;ground;flying;Immunity, Sand Veil, Hyper Cutter;75;35;65;85;105;65;1.1;64.8;60;2;0
208;Steelix;Haganeilハガネール;Iron Snake Pokémon;steel;ground;Sheer Force, Sturdy, Rock Head;125;55;95;30;230;75;9.2;400.0;25;2;0
209;Snubbull;Buluブルー;Fairy Pokémon;fairy;;Rattled, Run Away, Intimidate;80;40;40;30;50;60;0.6;7.8;190;2;0
210;Granbull;Granbuluグランブル;Fairy Pokémon;fairy;;Quick Feet, Rattled, Intimidate;120;60;60;45;75;90;1.4;48.7;75;2;0
211;Qwilfish;Harysenハリーセン;Balloon Pokémon;water;poison;Poison Point, Swift Swim, Intimidate;95;55;55;85;85;65;0.5;3.9;45;2;0
212;Scizor;Hassamハッサム;Pincer Pokémon;bug;steel;Swarm, Light Metal, Technician;150;65;100;75;140;70;1.8;118.0;25;2;0
213;Shuckle;Tsubotsuboツボツボ;Mold Pokémon;bug;rock;Contrary, Gluttony, Sturdy;10;10;230;5;230;20;0.6;20.5;190;2;0
214;Heracross;Heracrosヘラクロス;Singlehorn Pokémon;bug;fighting;Swarm, Guts, Moxie;185;40;105;75;115;80;1.5;54.0;45;2;0
215;Sneasel;Nyulaニューラ;Sharp Claw Pokémon;dark;ice;Keen Eye, Pickpocket, Inner Focus;95;35;75;115;55;55;0.9;28.0;60;2;0
216;Teddiursa;Himegumaヒメグマ;Little Bear Pokémon;normal;;Quick Feet, Honey Gather, Pickup;80;50;50;40;50;60;0.6;8.8;120;2;0
217;Ursaring;Ringumaリングマ;Hibernator Pokémon;normal;;Guts, Quick Feet, Unnerve;130;75;75;55;75;90;1.8;125.8;60;2;0
218;Slugma;Magmagマグマッグ;Lava Pokémon;fire;;Weak Armor, Flame Body, Magma Armor;40;70;40;20;40;40;0.7;35.0;190;2;0
219;Magcargo;Magcargotマグカルゴ;Lava Pokémon;fire;rock;Weak Armor, Flame Body, Magma Armor;50;90;80;30;120;60;0.8;55.0;75;2;0
220;Swinub;Urimooウリムー;Pig Pokémon;ice;ground;Thick Fat, Oblivious, Snow Cloak;50;30;30;50;40;50;0.4;6.5;225;2;0
221;Piloswine;Inomooイノムー;Swine Pokémon;ice;ground;Thick Fat, Oblivious, Snow Cloak;100;60;60;50;80;100;1.1;55.8;75;2;0
222;Corsola;Sunnygoサニーゴ;Coral Pokémon;water;rock;Regenerator, Natural Cure, Hustle;55;65;95;35;95;65;0.6;5.0;60;2;0
223;Remoraid;Teppouoテッポウオ;Jet Pokémon;water;;Moody, Hustle, Sniper;65;65;35;65;35;35;0.6;12.0;190;2;0
224;Octillery;Okutankオクタン;Jet Pokémon;water;;Moody, Suction Cups, Sniper;105;105;75;45;75;75;0.9;28.5;75;2;0
225;Delibird;Delibirdデリバード;Delivery Pokémon;ice;flying;Hustle, Insomnia, Vital Spirit;55;65;45;75;45;45;0.9;16.0;45;2;0
226;Mantine;Mantainマンタイン;Kite Pokémon;water;flying;Water Veil, Water Absorb, Swift Swim;40;80;140;70;70;85;2.1;220.0;25;2;0
227;Skarmory;Airmdエアームド;Armor Bird Pokémon;steel;flying;Weak Armor, Keen Eye, Sturdy;80;40;70;70;140;65;1.7;50.5;25;2;0
228;Houndour;Delvilデルビル;Dark Pokémon;dark;fire;Flash Fire, Early Bird, Unnerve;60;80;50;65;30;45;0.6;10.8;120;2;0
229;Houndoom;Hellgarヘルガー;Dark Pokémon;dark;fire;Flash Fire, Early Bird, Unnerve;90;140;90;115;90;75;1.4;35.0;45;2;0
230;Kingdra;Kingdraキングドラ;Dragon Pokémon;water;dragon;Damp, Swift Swim, Sniper;95;95;95;85;95;75;1.8;152.0;45;2;0
231;Phanpy;Gomazouゴマゾウ;Long Nose Pokémon;ground;;Sand Veil, Pickup;60;40;40;40;60;90;0.5;33.5;120;2;0
232;Donphan;Donfanドンファン;Armor Pokémon;ground;;Sand Veil, Sturdy;120;60;60;50;120;90;1.1;120.0;60;2;0
233;Porygon2;Porygon2ポリゴン２;Virtual Pokémon;normal;;Download, Trace, Analytic;80;105;95;60;90;85;0.6;32.5;45;2;0
234;Stantler;Odoshishiオドシシ;Big Horn Pokémon;normal;;Sap Sipper, Intimidate, Frisk;95;85;65;85;62;73;1.4;71.2;45;2;0
235;Smeargle;Dobleドーブル;Painter Pokémon;normal;;Moody, Own Tempo, Technician;20;20;45;75;35;55;1.2;58.0;45;2;0
236;Tyrogue;Balkieバルキー;Scuffle Pokémon;fighting;;Guts, Vital Spirit, Steadfast;35;35;35;35;35;35;0.7;21.0;75;2;0
237;Hitmontop;Kapoererカポエラー;Handstand Pokémon;fighting;;Technician, Intimidate, Steadfast;95;35;110;70;95;50;1.4;48.0;45;2;0
238;Smoochum;Muchulムチュール;Kiss Pokémon;ice;psychic;Oblivious, Hydration, Forewarn;30;85;65;65;15;45;0.4;6.0;45;2;0
239;Elekid;Elekidエレキッド;Electric Pokémon;electric;;Static, Vital Spirit;63;65;55;95;37;45;0.6;23.5;45;2;0
240;Magby;Bubyブビィ;Live Coal Pokémon;fire;;Flame Body, Vital Spirit;75;70;55;83;37;45;0.7;21.4;45;2;0
241;Miltank;Miltankミルタンク;Milk Cow Pokémon;normal;;Thick Fat, Scrappy, Sap Sipper;80;40;70;100;105;95;1.2;75.5;45;2;0
242;Blissey;Happinasハピナス;Happiness Pokémon;normal;;Healer, Natural Cure, Serene Grace;10;75;135;55;10;255;1.5;46.8;30;2;0
243;Raikou;Raikouライコウ;Thunder Pokémon;electric;;Pressure, Inner Focus;85;115;100;115;75;90;1.9;178.0;3;2;1
244;Entei;Enteiエンテイ;Volcano Pokémon;fire;;Pressure, Inner Focus;115;90;75;100;85;115;2.1;198.0;3;2;1
245;Suicune;Suicuneスイクン;Aurora Pokémon;water;;Pressure, Inner Focus;75;90;115;85;115;100;2.0;187.0;3;2;1
246;Larvitar;Yogirasヨーギラス;Rock Skin Pokémon;rock;ground;Guts, Sand Veil;64;45;50;41;50;50;0.6;72.0;45;2;0
247;Pupitar;Sanagirasサナギラス;Hard Shell Pokémon;rock;ground;Shed Skin;84;65;70;51;70;70;1.2;152.0;45;2;0
248;Tyranitar;Bangirasバンギラス;Armor Pokémon;rock;dark;Sand Stream, Unnerve;164;95;120;71;150;100;2.0;202.0;45;2;0
249;Lugia;Lugiaルギア;Diving Pokémon;psychic;flying;Multiscale, Pressure;90;90;154;110;130;106;5.2;216.0;3;2;1
250;Ho-Oh;Hououホウオウ;Rainbow Pokémon;fire;flying;Regenerator, Pressure;130;110;154;90;90;106;3.8;199.0;3;2;1
251;Celebi;Celebiセレビィ;Time Travel Pokémon;psychic;grass;Natural Cure;100;100;100;100;100;100;0.6;5.0;45;2;1
252;Treecko;Kimoriキモリ;Wood Gecko Pokémon;grass;;Unburden, Overgrow;45;65;55;70;35;40;0.5;5.0;45;3;0
253;Grovyle;Juptileジュプトル;Wood Gecko Pokémon;grass;;Unburden, Overgrow;65;85;65;95;45;50;0.9;21.6;45;3;0
254;Sceptile;Jukainジュカイン;Forest Pokémon;grass;;Unburden, Overgrow;110;145;85;145;75;70;1.7;52.2;45;3;0
255;Torchic;Achamoアチャモ;Chick Pokémon;fire;;Speed Boost, Blaze;60;70;50;45;40;45;0.4;2.5;45;3;0
256;Combusken;Wakasyamoワカシャモ;Young Fowl Pokémon;fire;fighting;Speed Boost, Blaze;85;85;60;55;60;60;0.9;19.5;45;3;0
257;Blaziken;Bursyamoバシャーモ;Blaze Pokémon;fire;fighting;Speed Boost, Blaze;160;130;80;100;80;80;1.9;52.0;45;3;0
258;Mudkip;Mizugorouミズゴロウ;Mud Fish Pokémon;water;;Damp, Torrent;70;50;50;40;50;50;0.4;7.6;45;3;0
259;Marshtomp;Numacrawヌマクロー;Mud Fish Pokémon;water;ground;Damp, Torrent;85;60;70;50;70;70;0.7;28.0;45;3;0
260;Swampert;Laglargeラグラージ;Mud Fish Pokémon;water;ground;Damp, Torrent;150;95;110;70;110;100;1.5;81.9;45;3;0
261;Poochyena;Pochienaポチエナ;Bite Pokémon;dark;;Quick Feet, Rattled, Run Away;55;30;30;35;35;35;0.5;13.6;255;3;0
262;Mightyena;Graenaグラエナ;Bite Pokémon;dark;;Quick Feet, Intimidate, Moxie;90;60;60;70;70;70;1.0;37.0;127;3;0
263;Zigzagoon;Jiguzagumaジグザグマ;Tiny Racoon Pokémon;normal;;Quick Feet, Gluttony, Pickup;30;30;41;60;41;38;0.4;17.5;255;3;0
264;Linoone;Massugumaマッスグマ;Rush Pokémon;normal;;Quick Feet, Gluttony, Pickup;70;50;61;100;61;78;0.5;32.5;90;3;0
265;Wurmple;Kemussoケムッソ;Worm Pokémon;bug;;Run Away, Shield Dust;45;20;30;20;35;45;0.3;3.6;255;3;0
266;Silcoon;Karasalisカラサリス;Cocoon Pokémon;bug;;Shed Skin;35;25;25;15;55;50;0.6;10.0;120;3;0
267;Beautifly;Agehuntアゲハント;Butterfly Pokémon;bug;flying;Swarm, Rivalry;70;100;50;65;50;60;1.0;28.4;45;3;0
268;Cascoon;Mayuldマユルド;Cocoon Pokémon;bug;;Shed Skin;35;25;25;15;55;50;0.7;11.5;120;3;0
269;Dustox;Dokucaleドクケイル;Poison Moth Pokémon;bug;poison;Compoundeyes, Shield Dust;50;50;90;65;70;60;1.2;31.6;45;3;0
270;Lotad;Hassbohハスボー;Water Weed Pokémon;water;grass;Rain Dish, Own Tempo, Swift Swim;30;40;50;30;30;40;0.5;2.6;255;3;0
271;Lombre;Hasubreroハスブレロ;Jolly Pokémon;water;grass;Rain Dish, Own Tempo, Swift Swim;50;60;70;50;50;60;1.2;32.5;120;3;0
272;Ludicolo;Runpappaルンパッパ;Carefree Pokémon;water;grass;Rain Dish, Own Tempo, Swift Swim;70;90;100;70;70;80;1.5;55.0;45;3;0
273;Seedot;Tanebohタネボー;Acorn Pokémon;grass;;Chlorophyll, Pickpocket, Early Bird;40;30;30;30;50;40;0.5;4.0;255;3;0
274;Nuzleaf;Konohanaコノハナ;Wily Pokémon;grass;dark;Chlorophyll, Pickpocket, Early Bird;70;60;40;60;40;70;1.0;28.0;120;3;0
275;Shiftry;Dirtengダーテング;Wickid Pokémon;grass;dark;Chlorophyll, Pickpocket, Early Bird;100;90;60;80;60;90;1.3;59.6;45;3;0
276;Taillow;Subameスバメ;TinySwallow Pokémon;normal;flying;Guts, Scrappy;55;30;30;85;30;40;0.3;2.3;200;3;0
277;Swellow;Ohsubameオオスバメ;Swallow Pokémon;normal;flying;Guts, Scrappy;85;75;50;125;60;60;0.7;19.8;45;3;0
278;Wingull;Camomeキャモメ;Seagull Pokémon;water;flying;Rain Dish, Keen Eye, Hydration;30;55;30;85;30;40;0.6;9.5;190;3;0
279;Pelipper;Pelipperペリッパー;Water Bird Pokémon;water;flying;Rain Dish, Drizzle, Keen Eye;50;95;70;65;100;60;1.2;28.0;45;3;0
280;Ralts;Raltsラルトス;Feeling Pokémon;psychic;fairy;Telepathy, Trace, Synchronize;25;45;35;40;25;28;0.4;6.6;235;3;0
281;Kirlia;Kirliaキルリア;Emotion Pokémon;psychic;fairy;Telepathy, Trace, Synchronize;35;65;55;50;35;38;0.8;20.2;120;3;0
282;Gardevoir;Sirnightサーナイト;Embrace Pokémon;psychic;fairy;Telepathy, Trace, Synchronize;85;165;135;100;65;68;1.6;48.4;45;3;0
283;Surskit;Ametamaアメタマ;Pond Skater Pokémon;bug;water;Rain Dish, Swift Swim;30;50;52;65;32;40;0.5;1.7;200;3;0
284;Masquerain;Amemothアメモース;Eyeball Pokémon;bug;flying;Intimidate, Unnerve;60;100;82;80;62;70;0.8;3.6;75;3;0
285;Shroomish;Kinococoキノココ;Mushroom Pokémon;grass;;Quick Feet, Effect Spore, Poison Heal;40;40;60;35;60;60;0.4;4.5;255;3;0
286;Breloom;Kinogassaキノガッサ;Mushroom Pokémon;grass;fighting;Effect Spore, Poison Heal, Technician;130;60;60;70;80;60;1.2;39.2;90;3;0
287;Slakoth;Namakeroナマケロ;Slacker Pokémon;normal;;Truant;60;35;35;30;60;60;0.8;24.0;255;3;0
288;Vigoroth;Yarukimonoヤルキモノ;Wild Monkey Pokémon;normal;;Vital Spirit;80;55;55;90;80;80;1.4;46.5;120;3;0
289;Slaking;Kekkingケッキング;Lazy Pokémon;normal;;Truant;160;95;65;100;100;150;2.0;130.5;45;3;0
290;Nincada;Tutininツチニン;Trainee Pokémon;bug;ground;Run Away, Compoundeyes;45;30;30;40;90;31;0.5;5.5;255;3;0
291;Ninjask;Tekkaninテッカニン;Ninja Pokémon;bug;flying;Infiltrator, Speed Boost;90;50;50;160;45;61;0.8;12.0;120;3;0
292;Shedinja;Nukeninヌケニン;Shed Pokémon;bug;ghost;Wonder Guard;90;30;30;40;45;1;0.8;1.2;45;3;0
293;Whismur;Gonyonyoゴニョニョ;Whisper Pokémon;normal;;Soundproof, Rattled;51;51;23;28;23;64;0.6;16.3;190;3;0
294;Loudred;Dogohmbドゴーム;Big Voice Pokémon;normal;;Soundproof, Scrappy;71;71;43;48;43;84;1.0;40.5;120;3;0
295;Exploud;Bakuongバクオング;Loud Noise Pokémon;normal;;Soundproof, Scrappy;91;91;73;68;63;104;1.5;84.0;45;3;0
296;Makuhita;Makunoshitaマクノシタ;Guts Pokémon;fighting;;Thick Fat, Guts, Sheer Force;60;20;30;25;30;72;1.0;86.4;180;3;0
297;Hariyama;Hariteyamaハリテヤマ;Arm Thrust Pokémon;fighting;;Thick Fat, Guts, Sheer Force;120;40;60;50;60;144;2.3;253.8;200;3;0
298;Azurill;Ruririルリリ;Polka Dot Pokémon;normal;fairy;Thick Fat, Sap Sipper, Huge Power;20;20;40;20;40;50;0.2;2.0;150;3;0
299;Nosepass;Nosepassノズパス;Compass Pokémon;rock;;Magnet Pull, Sturdy, Sand Force;45;45;90;30;135;30;1.0;97.0;255;3;0
300;Skitty;Enecoエネコ;Kitten Pokémon;normal;;Wonder Skin, Normalize, Cute Charm;45;35;35;50;45;50;0.6;11.0;255;3;0
301;Delcatty;Enekororoエネコロロ;Prim Pokémon;normal;;Wonder Skin, Normalize, Cute Charm;65;55;55;90;65;70;1.1;32.6;60;3;0
302;Sableye;Yamiramiヤミラミ;Darkness Pokémon;dark;ghost;Stall, Keen Eye, Prankster;85;85;115;20;125;50;0.5;11.0;45;3;0
303;Mawile;Kucheatクチート;Deceiver Pokémon;steel;fairy;Hyper Cutter, Sheer Force, Intimidate;105;55;95;50;125;50;0.6;11.5;45;3;0
304;Aron;Cokodoraココドラ;Iron Armor Pokémon;steel;rock;Heavy Metal, Sturdy, Rock Head;70;40;40;30;100;50;0.4;60.0;180;3;0
305;Lairon;Kodoraコドラ;Iron Armor Pokémon;steel;rock;Heavy Metal, Sturdy, Rock Head;90;50;50;40;140;60;0.9;120.0;90;3;0
306;Aggron;Bossgodoraボスゴドラ;Iron Armor Pokémon;steel;rock;Heavy Metal, Sturdy, Rock Head;140;60;80;50;230;70;2.1;360.0;45;3;0
307;Meditite;Asananアサナン;Meditate Pokémon;fighting;psychic;Pure Power, Telepathy;40;40;55;60;55;30;0.6;11.2;180;3;0
308;Medicham;Charemチャーレム;Meditate Pokémon;fighting;psychic;Pure Power, Telepathy;100;80;85;100;85;60;1.3;31.5;90;3;0
309;Electrike;Rakuraiラクライ;Lightning Pokémon;electric;;Minus, Lightningrod, Static;45;65;40;65;40;40;0.6;15.2;120;3;0
310;Manectric;Livoltライボルト;Discharge Pokémon;electric;;Minus, Lightningrod, Static;75;135;80;135;80;70;1.5;40.2;45;3;0
311;Plusle;Prasleプラスル;Cheering Pokémon;electric;;Lightningrod, Plus;50;85;75;95;40;60;0.4;4.2;200;3;0
312;Minun;Minunマイナン;Cheering Pokémon;electric;;Minus, Volt Absorb;40;75;85;95;50;60;0.4;4.2;200;3;0
313;Volbeat;Barubeatバルビート;Firefly Pokémon;bug;;Swarm, Illuminate, Prankster;73;47;85;85;75;65;0.7;17.7;150;3;0
314;Illumise;Illumiseイルミーゼ;Firefly Pokémon;bug;;Oblivious, Tinted Lens, Prankster;47;73;85;85;75;65;0.6;17.7;150;3;0
315;Roselia;Roseliaロゼリア;Thorn Pokémon;grass;poison;Poison Point, Natural Cure, Leaf Guard;60;100;80;65;45;50;0.3;2.0;150;3;0
316;Gulpin;Gokulinゴクリン;Stomach Pokémon;poison;;Sticky Hold, Gluttony, Liquid Ooze;43;43;53;40;53;70;0.4;10.3;225;3;0
317;Swalot;Marunoomマルノーム;Poison Bag Pokémon;poison;;Sticky Hold, Gluttony, Liquid Ooze;73;73;83;55;83;100;1.7;80.0;75;3;0
318;Carvanha;Kibanhaキバニア;Savage Pokémon;water;dark;Rough Skin, Speed Boost;90;65;20;65;20;45;0.8;20.8;225;3;0
319;Sharpedo;Samehaderサメハダー;Brutal Pokémon;water;dark;Rough Skin, Speed Boost;140;110;65;105;70;70;1.8;88.8;60;3;0
320;Wailmer;Hoerukoホエルコ;Ball Whale Pokémon;water;;Water Veil, Oblivious, Pressure;70;70;35;60;35;130;2.0;130.0;125;3;0
321;Wailord;Whalohホエルオー;Float Whale Pokémon;water;;Water Veil, Oblivious, Pressure;90;90;45;60;45;170;14.5;398.0;60;3;0
322;Numel;Donmelドンメル;Numb Pokémon;fire;ground;Simple, Oblivious, Own Tempo;60;65;45;35;40;60;0.7;24.0;255;3;0
323;Camerupt;Bakuudaバクーダ;Eruption Pokémon;fire;ground;Anger Point, Solid Rock, Magma Armor;120;145;105;20;100;70;1.9;220.0;150;3;0
324;Torkoal;Cotoiseコータス;Coal Pokémon;fire;;White Smoke, Shell Armor, Drought;85;85;70;20;140;70;0.5;80.4;90;3;0
325;Spoink;Banebooバネブー;Bounce Pokémon;psychic;;Thick Fat, Own Tempo, Gluttony;25;70;80;60;35;60;0.7;30.6;255;3;0
326;Grumpig;Boopigブーピッグ;Manipulate Pokémon;psychic;;Thick Fat, Own Tempo, Gluttony;45;90;110;80;65;80;0.9;71.5;60;3;0
327;Spinda;Patcheelパッチール;Spot Panda Pokémon;normal;;Tangled Feet, Contrary, Own Tempo;60;60;60;60;60;60;1.1;5.0;255;3;0
328;Trapinch;Nuckrarナックラー;Ant Pit Pokémon;ground;;Hyper Cutter, Sheer Force, Arena Trap;100;45;45;10;45;45;0.7;15.0;255;3;0
329;Vibrava;Vibravaビブラーバ;Vibration Pokémon;ground;dragon;Levitate;70;50;50;70;50;50;1.1;15.3;120;3;0
330;Flygon;Flygonフライゴン;Mystic Pokémon;ground;dragon;Levitate;100;80;80;100;80;80;2.0;82.0;45;3;0
331;Cacnea;Saboneaサボネア;Cactus Pokémon;grass;;Sand Veil, Water Absorb;85;85;40;35;40;50;0.4;51.3;190;3;0
332;Cacturne;Noctusノクタス;Scarecrow Pokémon;grass;dark;Sand Veil, Water Absorb;115;115;60;55;60;70;1.3;77.4;60;3;0
333;Swablu;Tylttoチルット;Cotton Bird Pokémon;normal;flying;Cloud Nine, Natural Cure;40;40;75;50;60;45;0.4;1.2;255;3;0
334;Altaria;Tyltalisチルタリス;Humming Pokémon;dragon;flying;Cloud Nine, Natural Cure;110;110;105;80;110;75;1.1;20.6;45;3;0
335;Zangoose;Zangooseザングース;Cat Ferret Pokémon;normal;;Immunity, Toxic Boost;115;60;60;90;60;73;1.3;40.3;90;3;0
336;Seviper;Habunakeハブネーク;Fang Snake Pokémon;poison;;Infiltrator, Shed Skin;100;100;60;65;60;73;2.7;52.5;90;3;0
337;Lunatone;Lunatoneルナトーン;Meteorite Pokémon;rock;psychic;Levitate;55;95;85;70;65;90;1.0;168.0;45;3;0
338;Solrock;Solrockソルロック;Meteorite Pokémon;rock;psychic;Levitate;95;55;65;70;85;90;1.2;154.0;45;3;0
339;Barboach;Dojoachドジョッチ;Whiskers Pokémon;water;ground;Anticipation, Oblivious, Hydration;48;46;41;60;43;50;0.4;1.9;190;3;0
340;Whiscash;Namazunナマズン;Whiskers Pokémon;water;ground;Anticipation, Oblivious, Hydration;78;76;71;60;73;110;0.9;23.6;75;3;0
341;Corphish;Heiganiヘイガニ;Ruffian Pokémon;water;;Shell Armor, Adaptability, Hyper Cutter;80;50;35;35;65;43;0.6;11.5;205;3;0
342;Crawdaunt;Shizarigerシザリガー;Rogue Pokémon;water;dark;Shell Armor, Adaptability, Hyper Cutter;120;90;55;55;85;63;1.1;32.8;155;3;0
343;Baltoy;Yajilonヤジロン;Clay Doll Pokémon;ground;psychic;Levitate;40;40;70;55;55;40;0.5;21.5;255;3;0
344;Claydol;Nendollネンドール;Clay Doll Pokémon;ground;psychic;Levitate;70;70;120;75;105;60;1.5;108.0;90;3;0
345;Lileep;Lilylaリリーラ;Sea Lily Pokémon;rock;grass;Suction Cups, Storm Drain;41;61;87;23;77;66;1.0;23.8;45;3;0
346;Cradily;Yuradleユレイドル;Barnacle Pokémon;rock;grass;Suction Cups, Storm Drain;81;81;107;43;97;86;1.5;60.4;45;3;0
347;Anorith;Anopthアノプス;Old Shrimp Pokémon;rock;bug;Battle Armor, Swift Swim;95;40;50;75;50;45;0.7;12.5;45;3;0
348;Armaldo;Armaldoアーマルド;Plate Pokémon;rock;bug;Battle Armor, Swift Swim;125;70;80;45;100;75;1.5;68.2;45;3;0
349;Feebas;Hinbassヒンバス;Fish Pokémon;water;;Adaptability, Oblivious, Swift Swim;15;10;55;80;20;20;0.6;7.4;255;3;0
350;Milotic;Milokarossミロカロス;Tender Pokémon;water;;Marvel Scale, Cute Charm, Competitive;60;100;125;81;79;95;6.2;162.0;60;3;0
351;Castform;Powalenポワルン;Weather Pokémon;normal;;Forecast;70;70;70;70;70;70;0.3;0.8;45;3;0
352;Kecleon;Kakureonカクレオン;Color Swap Pokémon;normal;;Protean, Color Change;90;60;120;40;70;60;1.0;22.0;200;3;0
353;Shuppet;Kagebouzuカゲボウズ;Puppet Pokémon;ghost;;Insomnia, Cursed Body, Frisk;75;63;33;45;35;44;0.6;2.3;225;3;0
354;Banette;Juppetaジュペッタ;Marionette Pokémon;ghost;;Insomnia, Cursed Body, Frisk;165;93;83;75;75;64;1.1;12.5;45;3;0
355;Duskull;Yomawaruヨマワル;Requiem Pokémon;ghost;;Frisk, Levitate;40;30;90;25;90;20;0.8;15.0;190;3;0
356;Dusclops;Samayouruサマヨール;Beckon Pokémon;ghost;;Pressure, Frisk;70;60;130;25;130;40;1.6;30.6;90;3;0
357;Tropius;Tropiusトロピウス;Fruit Pokémon;grass;flying;Chlorophyll, Solar Power, Harvest;68;72;87;51;83;99;2.0;100.0;200;3;0
358;Chimecho;Chireanチリーン;Wind Chime Pokémon;psychic;;Levitate;50;95;90;65;80;75;0.6;1.0;45;3;0
359;Absol;Absolアブソル;Disaster Pokémon;dark;;Super Luck, Justified, Pressure;150;115;60;115;60;65;1.2;47.0;30;3;0
360;Wynaut;Sohnanoソーナノ;Bright Pokémon;psychic;;Telepathy, Shadow Tag;23;23;48;23;48;95;0.6;14.0;125;3;0
361;Snorunt;Yukiwarashiユキワラシ;Snow Hat Pokémon;ice;;Ice Body, Moody, Inner Focus;50;50;50;50;50;50;0.7;16.8;190;3;0
362;Glalie;Onigohriオニゴーリ;Face Pokémon;ice;;Ice Body, Moody, Inner Focus;120;120;80;100;80;80;1.5;256.5;75;3;0
363;Spheal;Tamazarashiタマザラシ;Clap Pokémon;ice;water;Thick Fat, Ice Body, Oblivious;40;55;50;25;50;70;0.8;39.5;255;3;0
364;Sealeo;Todogglerトドグラー;Ball Roll Pokémon;ice;water;Thick Fat, Ice Body, Oblivious;60;75;70;45;70;90;1.1;87.6;120;3;0
365;Walrein;Todoserugaトドゼルガ;Ice Break Pokémon;ice;water;Thick Fat, Ice Body, Oblivious;80;95;90;65;90;110;1.4;150.6;45;3;0
366;Clamperl;Pearluluパールル;Bivalve Pokémon;water;;Shell Armor, Rattled;64;74;55;32;85;35;0.4;52.5;255;3;0
367;Huntail;Huntailハンテール;Deep Sea Pokémon;water;;Water Veil, Swift Swim;104;94;75;52;105;55;1.7;27.0;60;3;0
368;Gorebyss;Sakurabyssサクラビス;South Sea Pokémon;water;;Hydration, Swift Swim;84;114;75;52;105;55;1.8;22.6;60;3;0
369;Relicanth;Glanthジーランス;Longevity Pokémon;water;rock;Sturdy, Swift Swim, Rock Head;90;45;65;55;130;100;1.0;23.4;25;3;0
370;Luvdisc;Lovecusラブカス;Rendezvous Pokémon;water;;Hydration, Swift Swim;30;40;65;97;55;43;0.6;8.7;225;3;0
371;Bagon;Tatsubayタツベイ;Rock Head Pokémon;dragon;;Sheer Force, Rock Head;75;40;30;50;60;45;0.6;42.1;45;3;0
372;Shelgon;Komoruuコモルー;Endurance Pokémon;dragon;;Overcoat, Rock Head;95;60;50;50;100;65;1.1;110.5;45;3;0
373;Salamence;Bohmanderボーマンダ;Dragon Pokémon;dragon;flying;Intimidate, Moxie;145;120;90;120;130;95;1.5;102.6;45;3;0
374;Beldum;Dumbberダンバル;Iron Ball Pokémon;steel;psychic;Clear Body, Light Metal;55;35;60;30;80;40;0.6;95.2;3;3;0
375;Metang;Metangメタング;Iron Claw Pokémon;steel;psychic;Clear Body, Light Metal;75;55;80;50;100;60;1.2;202.5;3;3;0
376;Metagross;Metagrossメタグロス;Iron Leg Pokémon;steel;psychic;Clear Body, Light Metal;145;105;110;110;150;80;1.6;550.0;3;3;0
377;Regirock;Regirockレジロック;Rock Peak Pokémon;rock;;Clear Body, Sturdy;100;50;100;50;200;80;1.7;230.0;3;3;1
378;Regice;Regiceレジアイス;Iceberg Pokémon;ice;;Ice Body, Clear Body;50;100;200;50;100;80;1.8;175.0;3;3;1
379;Registeel;Registeelレジスチル;Iron Pokémon;steel;;Clear Body, Light Metal;75;75;150;50;150;80;1.9;205.0;3;3;1
380;Latias;Latiasラティアス;Eon Pokémon;dragon;psychic;Levitate;100;140;150;110;120;80;1.4;40.0;3;3;1
381;Latios;Latiosラティオス;Eon Pokémon;dragon;psychic;Levitate;130;160;120;110;100;80;2.0;60.0;3;3;1
382;Kyogre;Kyogreカイオーガ;Sea Basin Pokémon;water;;Drizzle;150;180;160;90;90;100;4.5;352.0;3;3;1
383;Groudon;Groudonグラードン;Continent Pokémon;ground;;Drought;180;150;90;90;160;100;3.5;950.0;3;3;1
384;Rayquaza;Rayquazaレックウザ;Sky High Pokémon;dragon;flying;Air Lock;180;180;100;115;100;105;7.0;206.5;45;3;1
385;Jirachi;Jirachiジラーチ;Wish Pokémon;steel;psychic;Serene Grace;100;100;100;100;100;100;0.3;1.1;3;3;1
386;Deoxys;Deoxysデオキシス;DNA Pokémon;psychic;;Pressure;95;95;90;180;90;50;1.7;60.8;3;3;1
387;Turtwig;Naetleナエトル;Tiny Leaf Pokémon;grass;;Shell Armor, Overgrow;68;45;55;31;64;55;0.4;10.2;45;4;0
388;Grotle;Hayashigameハヤシガメ;Grove Pokémon;grass;;Shell Armor, Overgrow;89;55;65;36;85;75;1.1;97.0;45;4;0
389;Torterra;Dodaitoseドダイトス;Continent Pokémon;grass;ground;Shell Armor, Overgrow;109;75;85;56;105;95;2.2;310.0;45;4;0
390;Chimchar;Hikozaruヒコザル;Chimp Pokémon;fire;;Iron Fist, Blaze;58;58;44;61;44;44;0.5;6.2;45;4;0
391;Monferno;Moukazaruモウカザル;Playful Pokémon;fire;fighting;Iron Fist, Blaze;78;78;52;81;52;64;0.9;22.0;45;4;0
392;Infernape;Goukazaruゴウカザル;Flame Pokémon;fire;fighting;Iron Fist, Blaze;104;104;71;108;71;76;1.2;55.0;45;4;0
393;Piplup;Pochamaポッチャマ;Penguin Pokémon;water;;Torrent, Defiant;51;61;56;40;53;53;0.4;5.2;45;4;0
394;Prinplup;Pottaishiポッタイシ;Penguin Pokémon;water;;Torrent, Defiant;66;81;76;50;68;64;0.8;23.0;45;4;0
395;Empoleon;Emperteエンペルト;Emperor Pokémon;water;steel;Torrent, Defiant;86;111;101;60;88;84;1.7;84.5;45;4;0
396;Starly;Mukkuruムックル;Starling Pokémon;normal;flying;Reckless, Keen Eye;55;30;30;60;30;40;0.3;2.0;255;4;0
397;Staravia;Mukubirdムクバード;Starling Pokémon;normal;flying;Reckless, Intimidate;75;40;40;80;50;55;0.6;15.5;120;4;0
398;Staraptor;Mukuhawkムクホーク;Predator Pokémon;normal;flying;Reckless, Intimidate;120;50;60;100;70;85;1.2;24.9;45;4;0
399;Bidoof;Bippaビッパ;Plump Mouse Pokémon;normal;;Moody, Simple, Unaware;45;35;40;31;40;59;0.5;20.0;255;4;0
400;Bibarel;Beadaruビーダル;Beaver Pokémon;normal;water;Moody, Simple, Unaware;85;55;60;71;60;79;1.0;31.5;127;4;0
401;Kricketot;Korobohshiコロボーシ;Cricket Pokémon;bug;;Shed Skin, Run Away;25;25;41;25;41;37;0.3;2.2;255;4;0
402;Kricketune;Korotockコロトック;Cricket Pokémon;bug;;Swarm, Technician;85;55;51;65;51;77;1.0;25.5;45;4;0
403;Shinx;Kolinkコリンク;Flash Pokémon;electric;;Guts, Rivalry, Intimidate;65;40;34;45;34;45;0.5;9.5;235;4;0
404;Luxio;Luxioルクシオ;Spark Pokémon;electric;;Guts, Rivalry, Intimidate;85;60;49;60;49;60;0.9;30.5;120;4;0
405;Luxray;Rentorarレントラー;Gleam Eyes Pokémon;electric;;Guts, Rivalry, Intimidate;120;95;79;70;79;80;1.4;42.0;45;4;0
406;Budew;Subomieスボミー;Bud Pokémon;grass;poison;Poison Point, Natural Cure, Leaf Guard;30;50;70;55;35;40;0.2;1.2;255;4;0
407;Roserade;Roseradeロズレイド;Bouquet Pokémon;grass;poison;Technician, Poison Point, Natural Cure;70;125;105;90;65;60;0.9;14.5;75;4;0
408;Cranidos;Zugaidosズガイドス;Head Butt Pokémon;rock;;Sheer Force, Mold Breaker;125;30;30;58;40;67;0.9;31.5;45;4;0
409;Rampardos;Rampaldラムパルド;Head Butt Pokémon;rock;;Sheer Force, Mold Breaker;165;65;50;58;60;97;1.6;102.5;45;4;0
410;Shieldon;Tatetopsタテトプス;Shield Pokémon;rock;steel;Soundproof, Sturdy;42;42;88;30;118;30;0.5;57.0;45;4;0
411;Bastiodon;Toridepsトリデプス;Shield Pokémon;rock;steel;Soundproof, Sturdy;52;47;138;30;168;60;1.3;149.5;45;4;0
412;Burmy;Minomucchiミノムッチ;Bagworm Pokémon;bug;;Shed Skin, Overcoat;29;29;45;36;45;40;0.2;3.4;120;4;0
413;Wormadam;Minomadam (kusaki No Mino)ミノマダム;Bagworm Pokémon;bug;grass;Anticipation, Overcoat;69;69;95;36;95;60;0.5;6.5;45;4;0
414;Mothim;Gamaleガーメイル;Moth Pokémon;bug;flying;Swarm, Tinted Lens;94;94;50;66;50;70;0.9;23.3;45;4;0
415;Combee;Mitsuhoneyミツハニー;Tiny Bee Pokémon;bug;flying;Honey Gather, Hustle;30;30;42;70;42;30;0.3;5.5;120;4;0
416;Vespiquen;Beequenビークイン;Beehive Pokémon;bug;flying;Pressure, Unnerve;80;80;102;40;102;70;1.2;38.5;45;4;0
417;Pachirisu;Pachirisuパチリス;EleSquirrel Pokémon;electric;;Volt Absorb, Run Away, Pickup;45;45;90;95;70;60;0.4;3.9;200;4;0
418;Buizel;Buoyselブイゼル;Sea Weasel Pokémon;water;;Water Veil, Swift Swim;65;60;30;85;35;55;0.7;29.5;190;4;0
419;Floatzel;Floazelフローゼル;Sea Weasel Pokémon;water;;Water Veil, Swift Swim;105;85;50;115;55;85;1.1;33.5;75;4;0
420;Cherubi;Cherinboチェリンボ;Cherry Pokémon;grass;;Chlorophyll;35;62;53;35;45;45;0.4;3.3;190;4;0
421;Cherrim;Cherrimチェリム;Blossom Pokémon;grass;;Flower Gift;60;87;78;85;70;70;0.5;9.3;75;4;0
422;Shellos;Karanakushiカラナクシ;Sea Slug Pokémon;water;;Sticky Hold, Storm Drain, Sand Force;48;57;62;34;48;76;0.3;6.3;190;4;0
423;Gastrodon;Tritodonトリトドン;Sea Slug Pokémon;water;ground;Sticky Hold, Storm Drain, Sand Force;83;92;82;39;68;111;0.9;29.9;75;4;0
424;Ambipom;Etebothエテボース;Long Tail Pokémon;normal;;Technician, Skill Link, Pickup;100;60;66;115;66;75;1.2;20.3;45;4;0
425;Drifloon;Fuwanteフワンテ;Balloon Pokémon;ghost;flying;Aftermath, Flare Boost, Unburden;50;60;44;70;34;90;0.4;1.2;125;4;0
426;Drifblim;Fuwarideフワライド;Blimp Pokémon;ghost;flying;Aftermath, Flare Boost, Unburden;80;90;54;80;44;150;1.2;15.0;60;4;0
427;Buneary;Mimirolミミロル;Rabbit Pokémon;normal;;Klutz, Limber, Run Away;66;44;56;85;44;55;0.4;5.5;190;4;0
428;Lopunny;Mimilopミミロップ;Rabbit Pokémon;normal;;Klutz, Limber, Cute Charm;136;54;96;135;94;65;1.2;33.3;60;4;0
429;Mismagius;Mumargiムウマージ;Magical Pokémon;ghost;;Levitate;60;105;105;105;60;60;0.9;4.4;45;4;0
430;Honchkrow;Dongkarasuドンカラス;Big Boss Pokémon;dark;flying;Super Luck, Insomnia, Moxie;125;105;52;71;52;100;0.9;27.3;30;4;0
431;Glameow;Nyarmarニャルマー;Catty Pokémon;normal;;Limber, Own Tempo, Keen Eye;55;42;37;85;42;49;0.5;3.9;190;4;0
432;Purugly;Bunyattoブニャット;Tiger Cat Pokémon;normal;;Thick Fat, Defiant, Own Tempo;82;64;59;112;64;71;1.0;43.8;75;4;0
433;Chingling;Lisyanリーシャン;Bell Pokémon;psychic;;Levitate;30;65;50;45;50;45;0.2;0.6;120;4;0
434;Stunky;Skunpuuスカンプー;Skunk Pokémon;poison;dark;Aftermath, Keen Eye, Stench;63;41;41;74;47;63;0.4;19.2;225;4;0
435;Skuntank;Skutankスカタンク;Skunk Pokémon;poison;dark;Aftermath, Keen Eye, Stench;93;71;61;84;67;103;1.0;38.0;60;4;0
436;Bronzor;Dohmirrorドーミラー;Bronze Pokémon;steel;psychic;Heavy Metal, Heatproof, Levitate;24;24;86;23;86;57;0.5;60.5;255;4;0
437;Bronzong;Dohtakunドータクン;Bronze Bell Pokémon;steel;psychic;Heavy Metal, Heatproof, Levitate;89;79;116;33;116;67;1.3;187.0;90;4;0
438;Bonsly;Usohachiウソハチ;Bonsai Pokémon;rock;;Rattled, Sturdy, Rock Head;80;10;45;10;95;50;0.5;15.0;255;4;0
439;Mime Jr.;Maneneマネネ;Mime Pokémon;psychic;fairy;Soundproof, Filter, Technician;25;70;90;60;45;20;0.6;13.0;145;4;0
440;Happiny;Pinpukuピンプク;Playhouse Pokémon;normal;;Friend Guard, Natural Cure, Serene Grace;5;15;65;30;5;100;0.6;24.4;130;4;0
441;Chatot;Perapペラップ;Music Note Pokémon;normal;flying;Tangled Feet, Keen Eye, Big Pecks;65;92;42;91;45;76;0.5;1.9;30;4;0
442;Spiritomb;Mikarugeミカルゲ;Forbidden Pokémon;ghost;dark;Infiltrator, Pressure;92;92;108;35;108;50;1.0;108.0;100;4;0
443;Gible;Fukamaruフカマル;Land Shark Pokémon;dragon;ground;Sand Veil, Rough Skin;70;40;45;42;45;58;0.7;20.5;45;4;0
444;Gabite;Gabiteガバイト;Cave Pokémon;dragon;ground;Sand Veil, Rough Skin;90;50;55;82;65;68;1.4;56.0;45;4;0
445;Garchomp;Gaburiasガブリアス;Mach Pokémon;dragon;ground;Sand Veil, Rough Skin;170;120;95;92;115;108;1.9;95.0;45;4;0
446;Munchlax;Gonbeゴンベ;Big Eater Pokémon;normal;;Thick Fat, Gluttony, Pickup;85;40;85;5;40;135;0.6;105.0;50;4;0
447;Riolu;Rioluリオル;Emanation Pokémon;fighting;;Inner Focus, Steadfast, Prankster;70;35;40;60;40;40;0.7;20.2;75;4;0
448;Lucario;Lucarioルカリオ;Aura Pokémon;fighting;steel;Inner Focus, Steadfast, Justified;145;140;70;112;88;70;1.2;54.0;45;4;0
449;Hippopotas;Hippopotasヒポポタス;Hippo Pokémon;ground;;Sand Stream, Sand Force;72;38;42;32;78;68;0.8;49.5;140;4;0
450;Hippowdon;Kabaldonカバルドン;Heavyweight Pokémon;ground;;Sand Stream, Sand Force;112;68;72;47;118;108;2.0;300.0;60;4;0
451;Skorupi;Scorupiスコルピ;Scorpion Pokémon;poison;bug;Battle Armor, Keen Eye, Sniper;50;30;55;65;90;40;0.8;12.0;120;4;0
452;Drapion;Dorapionドラピオン;Ogre Scorp Pokémon;poison;dark;Battle Armor, Keen Eye, Sniper;90;60;75;95;110;70;1.3;61.5;45;4;0
453;Croagunk;Gureggruグレッグル;Toxic Mouth Pokémon;poison;fighting;Anticipation, Dry Skin, Poison Touch;61;61;40;50;40;48;0.7;23.0;140;4;0
454;Toxicroak;Dokurogドクロッグ;Toxic Mouth Pokémon;poison;fighting;Anticipation, Dry Skin, Poison Touch;106;86;65;85;65;83;1.3;44.4;75;4;0
455;Carnivine;Muskippaマスキッパ;Bug Catcher Pokémon;grass;;Levitate;100;90;72;46;72;74;1.4;27.0;200;4;0
456;Finneon;Keikouoケイコウオ;Wing Fish Pokémon;water;;Water Veil, Swift Swim, Storm Drain;49;49;61;66;56;49;0.4;7.0;190;4;0
457;Lumineon;Neolantネオラント;Neon Pokémon;water;;Water Veil, Swift Swim, Storm Drain;69;69;86;91;76;69;1.2;24.0;75;4;0
458;Mantyke;Tamantaタマンタ;Kite Pokémon;water;flying;Water Veil, Water Absorb, Swift Swim;20;60;120;50;50;45;1.0;65.0;25;4;0
459;Snover;Yukikaburiユキカブリ;Frosted Tree Pokémon;grass;ice;Soundproof, Snow Warning;62;62;60;40;50;60;1.0;50.5;120;4;0
460;Abomasnow;Yukinoohユキノオー;Frosted Tree Pokémon;grass;ice;Soundproof, Snow Warning;132;132;105;30;105;90;2.2;135.5;60;4;0
461;Weavile;Manyulaマニューラ;Sharp Claw Pokémon;dark;ice;Pickpocket, Pressure;120;45;85;125;65;70;1.1;34.0;45;4;0
462;Magnezone;Jibacoilジバコイル;Magnet Area Pokémon;electric;steel;Analytic, Magnet Pull, Sturdy;70;130;90;60;115;70;1.2;180.0;30;4;0
463;Lickilicky;Berobeltベロベルト;Licking Pokémon;normal;;Cloud Nine, Oblivious, Own Tempo;85;80;95;50;95;110;1.7;140.0;30;4;0
464;Rhyperior;Dosidonドサイドン;Drill Pokémon;ground;rock;Lightningrod, Solid Rock, Reckless;140;55;55;40;130;115;2.4;282.8;30;4;0
465;Tangrowth;Mojumboモジャンボ;Vine Pokémon;grass;;Chlorophyll, Leaf Guard, Regenerator;100;110;50;50;125;100;2.0;128.6;30;4;0
466;Electivire;Elekibleエレキブル;Thunderbolt Pokémon;electric;;Motor Drive, Vital Spirit;123;95;85;95;67;75;1.8;138.6;30;4;0
467;Magmortar;Booburnブーバーン;Blast Pokémon;fire;;Flame Body, Vital Spirit;95;125;95;83;67;75;1.6;68.0;30;4;0
468;Togekiss;Togekissトゲキッス;Jubilee Pokémon;fairy;flying;Super Luck, Hustle, Serene Grace;50;120;115;80;95;85;1.5;38.0;30;4;0
469;Yanmega;Megayanmaメガヤンマ;Ogre Darner Pokémon;bug;flying;Speed Boost, Tinted Lens, Frisk;76;116;56;95;86;86;1.9;51.5;30;4;0
470;Leafeon;Leafiaリーフィア;Verdant Pokémon;grass;;Chlorophyll, Leaf Guard;110;60;65;95;130;65;1.0;25.5;45;4;0
471;Glaceon;Glaciaグレイシア;Fresh Snow Pokémon;ice;;Ice Body, Snow Cloak;60;130;95;65;110;65;0.8;25.9;45;4;0
472;Gliscor;Glionグライオン;Fang Scorp Pokémon;ground;flying;Sand Veil, Hyper Cutter, Poison Heal;95;45;75;95;125;75;2.0;42.5;30;4;0
473;Mamoswine;Mammooマンムー;Twin Tusk Pokémon;ice;ground;Thick Fat, Oblivious, Snow Cloak;130;70;60;80;80;110;2.5;291.0;50;4;0
474;Porygon-Z;Porygon-zポリゴンＺ;Virtual Pokémon;normal;;Download, Adaptability, Analytic;80;135;75;90;70;85;0.9;34.0;30;4;0
475;Gallade;Erureidoエルレイド;Blade Pokémon;psychic;fighting;Justified, Steadfast;165;65;115;110;95;68;1.6;52.0;45;4;0
476;Probopass;Dainoseダイノーズ;Compass Pokémon;rock;steel;Magnet Pull, Sturdy, Sand Force;55;75;150;40;145;60;1.4;340.0;60;4;0
477;Dusknoir;Yonoirヨノワール;Gripper Pokémon;ghost;;Pressure, Frisk;100;65;135;45;135;45;2.2;106.6;45;4;0
478;Froslass;Yukimenokoユキメノコ;Snow Land Pokémon;ice;ghost;Cursed Body, Snow Cloak;80;80;70;110;70;70;1.3;26.6;75;4;0
479;Rotom;Rotomロトム;Plasma Pokémon;electric;ghost;Levitate;65;105;107;86;107;50;0.3;0.3;45;4;0
480;Uxie;Yuxieユクシー;Knowledge Pokémon;psychic;;Levitate;75;75;130;95;130;75;0.3;0.3;3;4;1
481;Mesprit;Emritエムリット;Emotion Pokémon;psychic;;Levitate;105;105;105;80;105;80;0.3;0.3;3;4;1
482;Azelf;Agnomeアグノム;Willpower Pokémon;psychic;;Levitate;125;125;70;115;70;75;0.3;0.3;3;4;1
483;Dialga;Dialgaディアルガ;Temporal Pokémon;steel;dragon;Telepathy, Pressure;120;150;100;90;120;100;5.4;683.0;3;4;1
484;Palkia;Palkiaパルキア;Spatial Pokémon;water;dragon;Telepathy, Pressure;120;150;120;100;100;90;4.2;336.0;3;4;1
485;Heatran;Heatranヒードラン;Lava Dome Pokémon;fire;steel;Flame Body, Flash Fire;90;130;106;77;106;91;1.7;430.0;3;4;1
486;Regigigas;Regigigasレジギガス;Colossal Pokémon;normal;;Slow Start;160;80;110;100;110;110;3.7;420.0;3;4;1
487;Giratina;Giratina (another Forme)ギラティナ;Renegade Pokémon;ghost;dragon;Telepathy, Pressure, Levitate;120;120;100;90;100;150;4.5;750.0;3;4;1
488;Cresselia;Cresseliaクレセリア;Lunar Pokémon;psychic;;Levitate;70;75;130;85;120;120;1.5;85.6;3;4;1
489;Phione;Phioneフィオネ;Sea Drifter Pokémon;water;;Hydration;80;80;80;80;80;80;0.4;3.1;30;4;0
490;Manaphy;Manaphyマナフィ;Seafaring Pokémon;water;;Hydration;100;100;100;100;100;100;0.3;1.4;3;4;1
491;Darkrai;Darkraiダークライ;Pitch-Black Pokémon;dark;;Bad Dreams;90;135;90;125;90;70;1.5;50.5;3;4;1
492;Shaymin;Shaymin (sky Forme)シェイミ;Gratitude Pokémon;grass;grass;Natural Cure, Serene Grace;103;120;75;127;75;100;0.2;2.1;45;4;1
493;Arceus;Arceusアルセウス;Alpha Pokémon;normal;;Multitype;120;120;120;120;120;120;3.2;320.0;3;4;1
494;Victini;Victiniビクティニ;Victory Pokémon;psychic;fire;Victory Star;100;100;100;100;100;100;0.4;4.0;3;5;1
495;Snivy;Tsutarjaツタージャ;Grass Snake Pokémon;grass;;Contrary, Overgrow;45;45;55;63;55;45;0.6;8.1;45;5;0
496;Servine;Janovyジャノビー;Grass Snake Pokémon;grass;;Contrary, Overgrow;60;60;75;83;75;60;0.8;16.0;45;5;0
497;Serperior;Jalordaジャローダ;Regal Pokémon;grass;;Contrary, Overgrow;75;75;95;113;95;75;3.3;63.0;45;5;0
498;Tepig;Pokabuポカブ;Fire Pig Pokémon;fire;;Thick Fat, Blaze;63;45;45;45;45;65;0.5;9.9;45;5;0
499;Pignite;Chaobooチャオブー;Fire Pig Pokémon;fire;fighting;Thick Fat, Blaze;93;70;55;55;55;90;1.0;55.5;45;5;0
500;Emboar;Enbuohエンブオー;Mega Fire Pig Pokémon;fire;fighting;Reckless, Blaze;123;100;65;65;65;110;1.6;150.0;45;5;0
501;Oshawott;Mijumaruミジュマル;Sea Otter Pokémon;water;;Torrent, Shell Armor;55;63;45;45;45;55;0.5;5.9;45;5;0
502;Dewott;Futachimaruフタチマル;Discipline Pokémon;water;;Torrent, Shell Armor;75;83;60;60;60;75;0.8;24.5;45;5;0
503;Samurott;Daikenkiダイケンキ;Formidable Pokémon;water;;Torrent, Shell Armor;100;108;70;70;85;95;1.5;94.6;45;5;0
504;Patrat;Minezumiミネズミ;Scout Pokémon;normal;;Keen Eye, Run Away, Analytic;55;35;39;42;39;45;0.5;11.6;255;5;0
505;Watchog;Miruhogミルホッグ;Lookout Pokémon;normal;;Illuminate, Analytic, Keen Eye;85;60;69;77;69;60;1.1;27.0;255;5;0
506;Lillipup;Yorterrieヨーテリー;Puppy Pokémon;normal;;Run Away, Vital Spirit, Pickup;60;25;45;55;45;45;0.4;4.1;255;5;0
507;Herdier;Herderrieハーデリア;Loyal Dog Pokémon;normal;;Scrappy, Sand Rush, Intimidate;80;35;65;60;65;65;0.9;14.7;120;5;0
508;Stoutland;Moolandムーランド;Big-Hearted Pokémon;normal;;Scrappy, Sand Rush, Intimidate;110;45;90;80;90;85;1.2;61.0;45;5;0
509;Purrloin;Choronekoチョロネコ;Devious Pokémon;dark;;Limber, Unburden, Prankster;50;50;37;66;37;41;0.4;10.1;255;5;0
510;Liepard;Lepardasレパルダス;Cruel Pokémon;dark;;Limber, Unburden, Prankster;88;88;50;106;50;64;1.1;37.5;90;5;0
511;Pansage;Yanappuヤナップ;Grass Monkey Pokémon;grass;;Gluttony, Overgrow;53;53;48;64;48;50;0.6;10.5;190;5;0
512;Simisage;Yanakkieヤナッキー;Thorn Monkey Pokémon;grass;;Gluttony, Overgrow;98;98;63;101;63;75;1.1;30.5;75;5;0
513;Pansear;Baoppuバオップ;High Temp Pokémon;fire;;Gluttony, Blaze;53;53;48;64;48;50;0.6;11.0;190;5;0
514;Simisear;Baokkieバオッキー;Ember Pokémon;fire;;Gluttony, Blaze;98;98;63;101;63;75;1.0;28.0;75;5;0
515;Panpour;Hiyappuヒヤップ;Spray Pokémon;water;;Torrent, Gluttony;53;53;48;64;48;50;0.6;13.5;190;5;0
516;Simipour;Hiyakkieヒヤッキー;Geyser Pokémon;water;;Torrent, Gluttony;98;98;63;101;63;75;1.0;29.0;75;5;0
517;Munna;Munnaムンナ;Dream Eater Pokémon;psychic;;Telepathy, Forewarn, Synchronize;25;67;55;24;45;76;0.6;23.3;190;5;0
518;Musharna;Musharnaムシャーナ;Drowsing Pokémon;psychic;;Telepathy, Forewarn, Synchronize;55;107;95;29;85;116;1.1;60.5;75;5;0
519;Pidove;Mamepatoマメパト;Tiny Pigeon Pokémon;normal;flying;Super Luck, Rivalry, Big Pecks;55;36;30;43;50;50;0.3;2.1;255;5;0
520;Tranquill;Hatobohハトーボー;Wild Pigeon Pokémon;normal;flying;Super Luck, Rivalry, Big Pecks;77;50;42;65;62;62;0.6;15.0;120;5;0
521;Unfezant;Kenhallowケンホロウ;Proud Pokémon;normal;flying;Super Luck, Rivalry, Big Pecks;115;65;55;93;80;80;1.2;29.0;45;5;0
522;Blitzle;Shimamaシママ;Electrified Pokémon;electric;;Lightningrod, Motor Drive, Sap Sipper;60;50;32;76;32;45;0.8;29.8;190;5;0
523;Zebstrika;Zebraikaゼブライカ;Thunderbolt Pokémon;electric;;Lightningrod, Motor Drive, Sap Sipper;100;80;63;116;63;75;1.6;79.5;75;5;0
524;Roggenrola;Dangoroダンゴロ;Mantle Pokémon;rock;;Weak Armor, Sturdy, Sand Force;75;25;25;15;85;55;0.4;18.0;255;5;0
525;Boldore;Gantleガントル;Ore Pokémon;rock;;Weak Armor, Sturdy, Sand Force;105;50;40;20;105;70;0.9;102.0;120;5;0
526;Gigalith;Gigaiathギガイアス;Compressed Pokémon;rock;;Sand Stream, Sturdy, Sand Force;135;60;80;25;130;85;1.7;260.0;45;5;0
527;Woobat;Koromoriコロモリ;Bat Pokémon;psychic;flying;Klutz, Simple, Unaware;45;55;43;72;43;65;0.4;2.1;190;5;0
528;Swoobat;Kokoromoriココロモリ;Courting Pokémon;psychic;flying;Klutz, Simple, Unaware;57;77;55;114;55;67;0.9;10.5;45;5;0
529;Drilbur;Mogurewモグリュー;Mole Pokémon;ground;;Sand Rush, Mold Breaker, Sand Force;85;30;45;68;40;60;0.3;8.5;120;5;0
530;Excadrill;Doryuzuドリュウズ;Subterrene Pokémon;ground;steel;Sand Rush, Mold Breaker, Sand Force;135;50;65;88;60;110;0.7;40.4;60;5;0
531;Audino;Tabunneタブンネ;Hearing Pokémon;normal;;Regenerator, Klutz, Healer;60;80;126;50;126;103;1.1;31.0;255;5;0
532;Timburr;Dokkorerドッコラー;Muscular Pokémon;fighting;;Guts, Iron Fist, Sheer Force;80;25;35;35;55;75;0.6;12.5;180;5;0
533;Gurdurr;Dotekkotsuドテッコツ;Muscular Pokémon;fighting;;Guts, Iron Fist, Sheer Force;105;40;50;40;85;85;1.2;40.0;90;5;0
534;Conkeldurr;Roubushinローブシン;Muscular Pokémon;fighting;;Guts, Iron Fist, Sheer Force;140;55;65;45;95;105;1.4;87.0;45;5;0
535;Tympole;Otamaroオタマロ;Tadpole Pokémon;water;;Water Absorb, Hydration, Swift Swim;50;50;40;64;40;50;0.5;4.5;255;5;0
536;Palpitoad;Gamagaruガマガル;Vibration Pokémon;water;ground;Water Absorb, Hydration, Swift Swim;65;65;55;69;55;75;0.8;17.0;120;5;0
537;Seismitoad;Gamagerogeガマゲロゲ;Vibration Pokémon;water;ground;Water Absorb, Swift Swim, Poison Touch;95;85;75;74;75;105;1.5;62.0;45;5;0
538;Throh;Nagekiナゲキ;Judo Pokémon;fighting;;Guts, Mold Breaker, Inner Focus;100;30;85;45;85;120;1.3;55.5;45;5;0
539;Sawk;Dagekiダゲキ;Karate Pokémon;fighting;;Mold Breaker, Sturdy, Inner Focus;125;30;75;85;75;75;1.4;51.0;45;5;0
540;Sewaddle;Kurumiruクルミル;Sewing Pokémon;bug;grass;Swarm, Chlorophyll, Overcoat;53;40;60;42;70;45;0.3;2.5;255;5;0
541;Swadloon;Kurumayuクルマユ;Leaf-Wrapped Pokémon;bug;grass;Chlorophyll, Leaf Guard, Overcoat;63;50;80;42;90;55;0.5;7.3;120;5;0
542;Leavanny;Hahakomoriハハコモリ;Nurturing Pokémon;bug;grass;Swarm, Chlorophyll, Overcoat;103;70;80;92;80;75;1.2;20.5;45;5;0
543;Venipede;Fushideフシデ;Centipede Pokémon;bug;poison;Swarm, Poison Point, Speed Boost;45;30;39;57;59;30;0.4;5.3;255;5;0
544;Whirlipede;Wheegaホイーガ;Curlipede Pokémon;bug;poison;Swarm, Poison Point, Speed Boost;55;40;79;47;99;40;1.2;58.5;120;5;0
545;Scolipede;Pendrorペンドラー;Megapede Pokémon;bug;poison;Swarm, Poison Point, Speed Boost;100;55;69;112;89;60;2.5;200.5;45;5;0
546;Cottonee;Monmenモンメン;Cotton Puff Pokémon;grass;fairy;Infiltrator, Chlorophyll, Prankster;27;37;50;66;60;40;0.3;0.6;190;5;0
547;Whimsicott;Elfuunエルフーン;Windveiled Pokémon;grass;fairy;Infiltrator, Chlorophyll, Prankster;67;77;75;116;85;60;0.7;6.6;75;5;0
548;Petilil;Churineチュリネ;Bulb Pokémon;grass;;Chlorophyll, Leaf Guard, Own Tempo;35;70;50;30;50;45;0.5;6.6;190;5;0
549;Lilligant;Dredearドレディア;Flowering Pokémon;grass;;Chlorophyll, Leaf Guard, Own Tempo;60;110;75;90;75;70;1.1;16.3;75;5;0
550;Basculin;Bassraoバスラオ;Hostile Pokémon;water;;Reckless, Adaptability, Mold Breaker, Rock Head;92;80;55;98;65;70;1.0;18.0;25;5;0
551;Sandile;Megurocoメグロコ;Desert Croc Pokémon;ground;dark;Anger Point, Intimidate, Moxie;72;35;35;65;35;50;0.7;15.2;180;5;0
552;Krokorok;Waruvileワルビル;Desert Croc Pokémon;ground;dark;Anger Point, Intimidate, Moxie;82;45;45;74;45;60;1.0;33.4;90;5;0
553;Krookodile;Waruvialワルビアル;Intimidation Pokémon;ground;dark;Anger Point, Intimidate, Moxie;117;65;70;92;80;95;1.5;96.3;45;5;0
554;Darumaka;Darumakkaダルマッカ;Zen Charm Pokémon;fire;;Inner Focus, Hustle;90;15;45;50;45;70;0.6;37.5;120;5;0
555;Darmanitan;Hihidarumaヒヒダルマ;Blazing Pokémon;fire;fire;Zen Mode, Sheer Force;30;140;105;55;105;105;1.3;92.9;60;5;0
556;Maractus;Maracacchiマラカッチ;Cactus Pokémon;grass;;Chlorophyll, Water Absorb, Storm Drain;86;106;67;60;67;75;1.0;28.0;255;5;0
557;Dwebble;Ishizumaiイシズマイ;Rock Inn Pokémon;bug;rock;Weak Armor, Shell Armor, Sturdy;65;35;35;55;85;50;0.3;14.5;190;5;0
558;Crustle;Iwapalaceイワパレス;Stone Home Pokémon;bug;rock;Weak Armor, Shell Armor, Sturdy;105;65;75;45;125;70;1.4;200.0;75;5;0
559;Scraggy;Zurugguズルッグ;Shedding Pokémon;dark;fighting;Shed Skin, Intimidate, Moxie;75;35;70;48;70;50;0.6;11.8;180;5;0
560;Scrafty;Zuruzukinズルズキン;Hoodlum Pokémon;dark;fighting;Shed Skin, Intimidate, Moxie;90;45;115;58;115;65;1.1;30.0;90;5;0
561;Sigilyph;Symbolerシンボラー;Avianoid Pokémon;psychic;flying;Wonder Skin, Tinted Lens, Magic Guard;58;103;80;97;80;72;1.4;14.0;45;5;0
562;Yamask;Desumasuデスマス;Spirit Pokémon;ghost;;Mummy;30;55;65;30;85;38;0.5;1.5;190;5;0
563;Cofagrigus;Desukarnデスカーン;Coffin Pokémon;ghost;;Mummy;50;95;105;30;145;58;1.7;76.5;90;5;0
564;Tirtouga;Protogaプロトーガ;Prototurtle Pokémon;water;rock;Swift Swim, Solid Rock, Sturdy;78;53;45;22;103;54;0.7;16.5;45;5;0
565;Carracosta;Abagouraアバゴーラ;Prototurtle Pokémon;water;rock;Swift Swim, Solid Rock, Sturdy;108;83;65;32;133;74;1.2;81.0;45;5;0
566;Archen;Archenアーケン;First Bird Pokémon;rock;flying;Defeatist;112;74;45;70;45;55;0.5;9.5;45;5;0
567;Archeops;Archeosアーケオス;First Bird Pokémon;rock;flying;Defeatist;140;112;65;110;65;75;1.4;32.0;45;5;0
568;Trubbish;Yabukuronヤブクロン;Trash Bag Pokémon;poison;;Sticky Hold, Aftermath, Stench;50;40;62;65;62;50;0.6;31.0;190;5;0
569;Garbodor;Dustdasダストダス;Trash Heap Pokémon;poison;;Aftermath, Weak Armor, Stench;95;60;82;75;82;80;1.9;107.3;60;5;0
570;Zorua;Zoruaゾロア;Tricky Fox Pokémon;dark;;Illusion;65;80;40;65;40;40;0.7;12.5;75;5;0
571;Zoroark;Zoroarkゾロアーク;Illusion Fox Pokémon;dark;;Illusion;105;120;60;105;60;60;1.6;81.1;45;5;0
572;Minccino;Chillarmyチラーミィ;Chinchilla Pokémon;normal;;Technician, Cute Charm, Skill Link;50;40;40;75;40;55;0.4;5.8;255;5;0
573;Cinccino;Chillaccinoチラチーノ;Scarf Pokémon;normal;;Technician, Cute Charm, Skill Link;95;65;60;115;60;75;0.5;7.5;60;5;0
574;Gothita;Gothimuゴチム;Fixation Pokémon;psychic;;Competitive, Shadow Tag, Frisk;30;55;65;45;50;45;0.4;5.8;200;5;0
575;Gothorita;Gothimiruゴチミル;Manipulate Pokémon;psychic;;Competitive, Shadow Tag, Frisk;45;75;85;55;70;60;0.7;18.0;100;5;0
576;Gothitelle;Gothiruselleゴチルゼル;Astral Body Pokémon;psychic;;Competitive, Shadow Tag, Frisk;55;95;110;65;95;70;1.5;44.0;50;5;0
577;Solosis;Uniranユニラン;Cell Pokémon;psychic;;Magic Guard, Regenerator, Overcoat;30;105;50;20;40;45;0.3;1.0;200;5;0
578;Duosion;Doublanダブラン;Mitosis Pokémon;psychic;;Magic Guard, Regenerator, Overcoat;40;125;60;30;50;65;0.6;8.0;100;5;0
579;Reuniclus;Lanculusランクルス;Multiplying Pokémon;psychic;;Magic Guard, Regenerator, Overcoat;65;125;85;30;75;110;1.0;20.1;50;5;0
580;Ducklett;Koaruhieコアルヒー;Water Bird Pokémon;water;flying;Keen Eye, Hydration, Big Pecks;44;44;50;55;50;62;0.5;5.5;190;5;0
581;Swanna;Swannaスワンナ;White Bird Pokémon;water;flying;Keen Eye, Hydration, Big Pecks;87;87;63;98;63;75;1.3;24.2;45;5;0
582;Vanillite;Vanipetiバニプッチ;Fresh Snow Pokémon;ice;;Ice Body, Weak Armor, Snow Cloak;50;65;60;44;50;36;0.4;5.7;255;5;0
583;Vanillish;Vanirichバニリッチ;Icy Snow Pokémon;ice;;Ice Body, Weak Armor, Snow Cloak;65;80;75;59;65;51;1.1;41.0;120;5;0
584;Vanilluxe;Baivanillaバイバニラ;Snowstorm Pokémon;ice;;Ice Body, Weak Armor, Snow Warning;95;110;95;79;85;71;1.3;57.5;45;5;0
585;Deerling;Shikijikaシキジカ;Season Pokémon;normal;grass;Chlorophyll, Serene Grace, Sap Sipper;60;40;50;75;50;60;0.6;19.5;190;5;0
586;Sawsbuck;Mebukijikaメブキジカ;Season Pokémon;normal;grass;Chlorophyll, Serene Grace, Sap Sipper;100;60;70;95;70;80;1.9;92.5;75;5;0
587;Emolga;Emongaエモンガ;Sky Squirrel Pokémon;electric;flying;Motor Drive, Static;75;75;60;103;60;55;0.4;5.0;200;5;0
588;Karrablast;Kaburumoカブルモ;Clamping Pokémon;bug;;Swarm, Shed Skin, No Guard;75;40;45;60;45;50;0.5;5.9;200;5;0
589;Escavalier;Chevargoシュバルゴ;Cavalry Pokémon;bug;steel;Swarm, Shell Armor, Overcoat;135;60;105;20;105;70;1.0;33.0;75;5;0
590;Foongus;Tamagetakeタマゲタケ;Mushroom Pokémon;grass;poison;Regenerator, Effect Spore;55;55;55;15;45;69;0.2;1.0;190;5;0
591;Amoonguss;Morobareruモロバレル;Mushroom Pokémon;grass;poison;Regenerator, Effect Spore;85;85;80;30;70;114;0.6;10.5;75;5;0
592;Frillish;Pururillプルリル;Floating Pokémon;water;ghost;Damp, Water Absorb, Cursed Body;40;65;85;40;50;55;1.2;33.0;190;5;0
593;Jellicent;Burungelブルンゲル;Floating Pokémon;water;ghost;Damp, Water Absorb, Cursed Body;60;85;105;60;70;100;2.2;135.0;60;5;0
594;Alomomola;Mamanbouママンボウ;Caring Pokémon;water;;Regenerator, Hydration, Healer;75;40;45;65;80;165;1.2;31.6;75;5;0
595;Joltik;Bachuruバチュル;Attaching Pokémon;bug;electric;Swarm, Compoundeyes, Unnerve;47;57;50;65;50;50;0.1;0.6;190;5;0
596;Galvantula;Dentulaデンチュラ;EleSpider Pokémon;bug;electric;Swarm, Compoundeyes, Unnerve;77;97;60;108;60;70;0.8;14.3;75;5;0
597;Ferroseed;Tesseedテッシード;Thorn Seed Pokémon;grass;steel;Iron Barbs;50;24;86;10;91;44;0.6;18.8;255;5;0
598;Ferrothorn;Nutreyナットレイ;Thorn Pod Pokémon;grass;steel;Iron Barbs, Anticipation;94;54;116;20;131;74;1.0;110.0;90;5;0
599;Klink;Giaruギアル;Gear Pokémon;steel;;Minus, Plus, Clear Body;55;45;60;30;70;40;0.3;21.0;130;5;0
600;Klang;Gigiaruギギアル;Gear Pokémon;steel;;Minus, Plus, Clear Body;80;70;85;50;95;60;0.6;51.0;60;5;0
601;Klinklang;Gigigiaruギギギアル;Gear Pokémon;steel;;Minus, Plus, Clear Body;100;70;85;90;115;60;0.6;81.0;30;5;0
602;Tynamo;Shibishirasuシビシラス;EleFish Pokémon;electric;;Levitate;55;45;40;60;40;35;0.2;0.3;190;5;0
603;Eelektrik;Shibibeelシビビール;EleFish Pokémon;electric;;Levitate;85;75;70;40;70;65;1.2;22.0;60;5;0
604;Eelektross;Shibirudonシビルドン;EleFish Pokémon;electric;;Levitate;115;105;80;50;80;85;2.1;80.5;30;5;0
605;Elgyem;Ligrayリグレー;Cerebral Pokémon;psychic;;Telepathy, Analytic, Synchronize;55;85;55;30;55;55;0.5;9.0;255;5;0
606;Beheeyem;Ohbemオーベム;Cerebral Pokémon;psychic;;Telepathy, Analytic, Synchronize;75;125;95;40;75;75;1.0;34.5;90;5;0
607;Litwick;Hitomoshiヒトモシ;Candle Pokémon;ghost;fire;Infiltrator, Flame Body, Flash Fire;30;65;55;20;55;50;0.3;3.1;190;5;0
608;Lampent;Lamplerランプラー;Lamp Pokémon;ghost;fire;Infiltrator, Flame Body, Flash Fire;40;95;60;55;60;60;0.6;13.0;90;5;0
609;Chandelure;Chandelaシャンデラ;Luring Pokémon;ghost;fire;Infiltrator, Flame Body, Flash Fire;55;145;90;80;90;60;1.0;34.3;45;5;0
610;Axew;Kibagoキバゴ;Tusk Pokémon;dragon;;Rivalry, Mold Breaker, Unnerve;87;30;40;57;60;46;0.6;18.0;75;5;0
611;Fraxure;Onondoオノンド;Axe Jaw Pokémon;dragon;;Rivalry, Mold Breaker, Unnerve;117;40;50;67;70;66;1.0;36.0;60;5;0
612;Haxorus;Ononokusオノノクス;Axe Jaw Pokémon;dragon;;Rivalry, Mold Breaker, Unnerve;147;60;70;97;90;76;1.8;105.5;45;5;0
613;Cubchoo;Kumasyunクマシュン;Chill Pokémon;ice;;Slush Rush, Rattled, Snow Cloak;70;60;40;40;40;55;0.5;8.5;120;5;0
614;Beartic;Tunbearツンベアー;Freezing Pokémon;ice;;Slush Rush, Swift Swim, Snow Cloak;130;70;80;50;80;95;2.6;260.0;60;5;0
615;Cryogonal;Freegeoフリージオ;Crystallizing Pokémon;ice;;Levitate;50;95;135;105;50;80;1.1;148.0;25;5;0
616;Shelmet;Chobomakiチョボマキ;Snail Pokémon;bug;;Shell Armor, Hydration, Overcoat;40;40;65;25;85;50;0.4;7.7;200;5;0
617;Accelgor;Agilderアギルダー;Shell Out Pokémon;bug;;Sticky Hold, Hydration, Unburden;70;100;60;145;40;80;0.8;25.3;75;5;0
618;Stunfisk;Maggyoマッギョ;Trap Pokémon;ground;electric;Sand Veil, Limber, Static;66;81;99;32;84;109;0.7;11.0;75;5;0
619;Mienfoo;Kojofuコジョフー;Martial Arts Pokémon;fighting;;Regenerator, Reckless, Inner Focus;85;55;50;65;50;45;0.9;20.0;180;5;0
620;Mienshao;Kojondoコジョンド;Martial Arts Pokémon;fighting;;Regenerator, Reckless, Inner Focus;125;95;60;105;60;65;1.4;35.5;45;5;0
621;Druddigon;Crimganクリムガン;Cave Pokémon;dragon;;Rough Skin, Sheer Force, Mold Breaker;120;60;90;48;90;77;1.6;139.0;45;5;0
622;Golett;Gobitゴビット;Automaton Pokémon;ground;ghost;No Guard, Klutz, Iron Fist;74;35;50;35;50;59;1.0;92.0;190;5;0
623;Golurk;Goloogゴルーグ;Automaton Pokémon;ground;ghost;No Guard, Klutz, Iron Fist;124;55;80;55;80;89;2.8;330.0;90;5;0
624;Pawniard;Komatanaコマタナ;Sharp Blade Pokémon;dark;steel;Defiant, Pressure, Inner Focus;85;40;40;60;70;45;0.5;10.2;120;5;0
625;Bisharp;Kirikizanキリキザン;Sword Blade Pokémon;dark;steel;Defiant, Pressure, Inner Focus;125;60;70;70;100;65;1.6;70.0;45;5;0
626;Bouffalant;Buffronバッフロン;Bash Buffalo Pokémon;normal;;Reckless, Soundproof, Sap Sipper;110;40;95;55;95;95;1.6;94.6;45;5;0
627;Rufflet;Washibonワシボン;Eaglet Pokémon;normal;flying;Keen Eye, Sheer Force, Hustle;83;37;50;60;50;70;0.5;10.5;190;5;0
628;Braviary;Warrgleウォーグル;Valiant Pokémon;normal;flying;Defiant, Keen Eye, Sheer Force;123;57;75;80;75;100;1.5;41.0;60;5;0
629;Vullaby;Valchaiバルチャイ;Diapered Pokémon;dark;flying;Overcoat, Weak Armor, Big Pecks;55;45;65;60;75;70;0.5;9.0;190;5;0
630;Mandibuzz;Vulginaバルジーナ;Bone Vulture Pokémon;dark;flying;Overcoat, Weak Armor, Big Pecks;65;55;95;80;105;110;1.2;39.5;60;5;0
631;Heatmor;Kuitaranクイタラン;Anteater Pokémon;fire;;White Smoke, Flash Fire, Gluttony;97;105;66;65;66;85;1.4;58.0;90;5;0
632;Durant;Aiantアイアント;Iron Ant Pokémon;bug;steel;Swarm, Hustle, Truant;109;48;48;109;112;58;0.3;33.0;90;5;0
633;Deino;Monozuモノズ;Irate Pokémon;dark;dragon;Hustle;65;45;50;38;50;52;0.8;17.3;45;5;0
634;Zweilous;Diheadジヘッド;Hostile Pokémon;dark;dragon;Hustle;85;65;70;58;70;72;1.4;50.0;45;5;0
635;Hydreigon;Sazandoraサザンドラ;Brutal Pokémon;dark;dragon;Levitate;105;125;90;98;90;92;1.8;160.0;45;5;0
636;Larvesta;Merlarvaメラルバ;Torch Pokémon;bug;fire;Swarm, Flame Body;85;50;55;60;55;55;1.1;28.8;45;5;0
637;Volcarona;Ulgamothウルガモス;Sun Pokémon;bug;fire;Swarm, Flame Body;60;135;105;100;65;85;1.6;46.0;15;5;0
638;Cobalion;Cobalonコバルオン;Iron Will Pokémon;steel;fighting;Justified;90;90;72;108;129;91;2.1;250.0;3;5;1
639;Terrakion;Terrakionテラキオン;Cavern Pokémon;rock;fighting;Justified;129;72;90;108;90;91;1.9;260.0;3;5;1
640;Virizion;Virizionビリジオン;Grassland Pokémon;grass;fighting;Justified;90;90;129;108;72;91;2.0;200.0;3;5;1
641;Tornadus;Tornelos (keshin Forme)トルネロス;Cyclone Pokémon;flying;;Regenerator, Defiant, Prankster;100;110;90;121;80;79;1.5;63.0;3;5;1
642;Thundurus;Voltolos (keshin Forme)ボルトロス;Bolt Strike Pokémon;electric;flying;Defiant, Volt Absorb, Prankster;105;145;80;101;70;79;1.5;61.0;3;5;1
643;Reshiram;Reshiramレシラム;Vast White Pokémon;dragon;fire;Turboblaze;120;150;120;90;100;100;3.2;330.0;3;5;1
644;Zekrom;Zekromゼクロム;Deep Black Pokémon;dragon;electric;Teravolt;150;120;100;90;120;100;2.9;345.0;3;5;1
645;Landorus;Landlos (keshin Forme)ランドロス;Abundance Pokémon;ground;flying;Sheer Force, Intimidate, Sand Force;145;105;80;91;90;89;1.5;68.0;3;5;1
646;Kyurem;Kyuremキュレム;Boundary Pokémon;dragon;ice;Teravolt, Pressure, Turboblaze;120;170;100;95;90;125;3.0;325.0;3;5;1
647;Keldeo;Keldeo (itsumo No Sugata)ケルディオ;Colt Pokémon;water;fighting;Justified;72;129;90;108;90;91;1.4;48.5;3;5;1
648;Meloetta;Meloetta (step Forme)メロエッタ;Melody Pokémon;normal;psychic;Serene Grace;128;77;77;128;90;100;0.6;6.5;3;5;1
649;Genesect;Genesectゲノセクト;Paleozoic Pokémon;bug;steel;Download;120;120;95;99;95;71;1.5;82.5;3;5;1
650;Chespin;Harimaronハリマロン;Spiky Nut Pokémon;grass;;Bulletproof, Overgrow;61;48;45;38;65;56;0.4;9.0;45;6;0
651;Quilladin;Hariborgハリボーグ;Spiny Armor Pokémon;grass;;Bulletproof, Overgrow;78;56;58;57;95;61;0.7;29.0;45;6;0
652;Chesnaught;Brigarronブリガロン;Spiny Armor Pokémon;grass;fighting;Bulletproof, Overgrow;107;74;75;64;122;88;1.6;90.0;45;6;0
653;Fennekin;Fokkoフォッコ;Fox Pokémon;fire;;Magician, Blaze;45;62;60;60;40;40;0.4;9.4;45;6;0
654;Braixen;Tairenarテールナー;Fox Pokémon;fire;;Magician, Blaze;59;90;70;73;58;59;1.0;14.5;45;6;0
655;Delphox;Mahoxyマフォクシー;Fox Pokémon;fire;psychic;Magician, Blaze;69;114;100;104;72;75;1.5;39.0;45;6;0
656;Froakie;Keromatsuケロマツ;Bubble Frog Pokémon;water;;Torrent, Protean;56;62;44;71;40;41;0.3;7.0;45;6;0
657;Frogadier;Gekogashiraゲコガシラ;Bubble Frog Pokémon;water;;Torrent, Protean;63;83;56;97;52;54;0.6;10.9;45;6;0
658;Greninja;Gekkougaゲッコウガ;Ninja Pokémon;water;dark;Torrent, Battle Bond, Protean;145;153;71;132;67;72;1.5;40.0;45;6;0
659;Bunnelby;Horubeeホルビー;Digging Pokémon;normal;;Cheek Pouch, Huge Power, Pickup;36;32;36;57;38;38;0.4;5.0;255;6;0
660;Diggersby;Horudoホルード;Digging Pokémon;normal;ground;Cheek Pouch, Huge Power, Pickup;56;50;77;78;77;85;1.0;42.4;127;6;0
661;Fletchling;Yayakomaヤヤコマ;Tiny Robin Pokémon;normal;flying;Gale Wings, Big Pecks;50;40;38;62;43;45;0.3;1.7;255;6;0
662;Fletchinder;Hinoyakomaヒノヤコマ;Ember Pokémon;fire;flying;Flame Body, Gale Wings;73;56;52;84;55;62;0.7;16.0;120;6;0
663;Talonflame;Fiarrowファイアロー;Scorching Pokémon;fire;flying;Flame Body, Gale Wings;81;74;69;126;71;78;1.2;24.5;45;6;0
664;Scatterbug;Kofukimushiコフキムシ;Scatterdust Pokémon;bug;;Friend Guard, Compoundeyes, Shield Dust;35;27;25;35;40;38;0.3;2.5;255;6;0
665;Spewpa;Kofuuraiコフーライ;Scatterdust Pokémon;bug;;Friend Guard, Shed Skin;22;27;30;29;60;45;0.3;8.4;120;6;0
666;Vivillon;Viviyonビビヨン;Scale Pokémon;bug;flying;Friend Guard, Compoundeyes, Shield Dust;52;90;50;89;50;80;1.2;17.0;45;6;0
667;Litleo;Shishikoシシコ;Lion Cub Pokémon;fire;normal;Rivalry, Moxie, Unnerve;50;73;54;72;58;62;0.6;13.5;220;6;0
668;Pyroar;Kaenjishiカエンジシ;Royal Pokémon;fire;normal;Rivalry, Moxie, Unnerve;68;109;66;106;72;86;1.5;81.5;65;6;0
669;Flabébé;Flabebeフラベベ;Single Bloom Pokémon;fairy;;Symbiosis, Flower Veil;38;61;79;42;39;44;0.1;0.1;225;6;0
670;Floette;Floetteフラエッテ;Fairy Pokémon;fairy;;Symbiosis, Flower Veil;65;125;128;92;67;74;0.2;0.9;120;6;0
671;Florges;Florgesフラージェス;Garden Pokémon;fairy;;Symbiosis, Flower Veil;65;112;154;75;68;78;1.1;10.0;45;6;0
672;Skiddo;Meecleメェークル;Mount Pokémon;grass;;Grass Pelt, Sap Sipper;65;62;57;52;48;66;0.9;31.0;200;6;0
673;Gogoat;Gogoatゴーゴート;Mount Pokémon;grass;;Grass Pelt, Sap Sipper;100;97;81;68;62;123;1.7;91.0;45;6;0
674;Pancham;Yanchamヤンチャム;Playful Pokémon;fighting;;Scrappy, Iron Fist, Mold Breaker;82;46;48;43;62;67;0.6;8.0;220;6;0
675;Pangoro;Gorondaゴロンダ;Daunting Pokémon;fighting;dark;Scrappy, Iron Fist, Mold Breaker;124;69;71;58;78;95;2.1;136.0;65;6;0
676;Furfrou;Trimmienトリミアン;Poodle Pokémon;normal;;Fur Coat;80;65;90;102;60;75;1.2;28.0;160;6;0
677;Espurr;Nyasperニャスパー;Restraint Pokémon;psychic;;Infiltrator, Keen Eye, Own Tempo;48;63;60;68;54;62;0.3;3.5;190;6;0
678;Meowstic;Nyaonixニャオニクス;Constraint Pokémon;psychic;;Infiltrator, Keen Eye, Prankster, Competitive;48;83;81;104;76;74;0.6;8.5;75;6;0
679;Honedge;Hitotsukiヒトツキ;Sword Pokémon;steel;ghost;No Guard;80;35;37;28;100;45;0.8;2.0;180;6;0
680;Doublade;Nidangillニダンギル;Sword Pokémon;steel;ghost;No Guard;110;45;49;35;150;59;0.8;4.5;90;6;0
681;Aegislash;Gillgardギルガルド;Royal Sword Pokémon;steel;ghost;Stance Change;150;150;50;60;50;60;1.7;53.0;45;6;0
682;Spritzee;Shushupuシュシュプ;Perfume Pokémon;fairy;;Aroma Veil, Healer;52;63;65;23;60;78;0.2;0.5;200;6;0
683;Aromatisse;Frefuwanフレフワン;Fragrance Pokémon;fairy;;Aroma Veil, Healer;72;99;89;29;72;101;0.8;15.5;140;6;0
684;Swirlix;Peroppafuペロッパフ;Cotton Candy Pokémon;fairy;;Sweet Veil, Unburden;48;59;57;49;66;62;0.4;3.5;200;6;0
685;Slurpuff;Peroreamペロリーム;Meringue Pokémon;fairy;;Sweet Veil, Unburden;80;85;75;72;86;82;0.8;5.0;140;6;0
686;Inkay;Maaiikaマーイーカ;Revolving Pokémon;dark;psychic;Infiltrator, Contrary, Suction Cups;54;37;46;45;53;53;0.4;3.5;190;6;0
687;Malamar;Calamaneroカラマネロ;Overturning Pokémon;dark;psychic;Infiltrator, Contrary, Suction Cups;92;68;75;73;88;86;1.5;47.0;80;6;0
688;Binacle;Kameteteカメテテ;Two-Handed Pokémon;rock;water;Pickpocket, Tough Claws, Sniper;52;39;56;50;67;42;0.5;31.0;120;6;0
689;Barbaracle;Gamenodesガメノデス;Collective Pokémon;rock;water;Pickpocket, Tough Claws, Sniper;105;54;86;68;115;72;1.3;96.0;45;6;0
690;Skrelp;Kuzumoクズモー;Mock Kelp Pokémon;poison;water;Adaptability, Poison Point, Poison Touch;60;60;60;30;60;50;0.5;7.3;225;6;0
691;Dragalge;Dramidoroドラミドロ;Mock Kelp Pokémon;poison;dragon;Adaptability, Poison Point, Poison Touch;75;97;123;44;90;65;1.8;81.5;55;6;0
692;Clauncher;Udeppouウデッポウ;Water Gun Pokémon;water;;Mega Launcher;53;58;63;44;62;50;0.5;8.3;225;6;0
693;Clawitzer;Blosterブロスター;Howitzer Pokémon;water;;Mega Launcher;73;120;89;59;88;71;1.3;35.3;55;6;0
694;Helioptile;Erikiteruエリキテル;Generator Pokémon;electric;normal;Sand Veil, Solar Power, Dry Skin;38;61;43;70;33;44;0.5;6.0;190;6;0
695;Heliolisk;Elezardエレザード;Generator Pokémon;electric;normal;Sand Veil, Solar Power, Dry Skin;55;109;94;109;52;62;1.0;21.0;75;6;0
696;Tyrunt;Chigorasチゴラス;Royal Heir Pokémon;rock;dragon;Strong Jaw, Sturdy;89;45;45;48;77;58;0.8;26.0;45;6;0
697;Tyrantrum;Gachigorasガチゴラス;Despot Pokémon;rock;dragon;Strong Jaw, Rock Head;121;69;59;71;119;82;2.5;270.0;45;6;0
698;Amaura;Amarusアマルス;Tundra Pokémon;rock;ice;Snow Warning, Refrigerate;59;67;63;46;50;77;1.3;25.2;45;6;0
699;Aurorus;Amarurugaアマルルガ;Tundra Pokémon;rock;ice;Snow Warning, Refrigerate;77;99;92;58;72;123;2.7;225.0;45;6;0
700;Sylveon;Nymphiaニンフィア;Intertwining Pokémon;fairy;;Pixilate, Cute Charm;65;110;130;60;65;95;1.0;23.5;45;6;0
701;Hawlucha;Luchabullルチャブル;Wrestling Pokémon;fighting;flying;Limber, Unburden, Mold Breaker;92;74;63;118;75;78;0.8;21.5;100;6;0
702;Dedenne;Dedenneデデンネ;Antenna Pokémon;electric;fairy;Plus, Cheek Pouch, Pickup;58;81;67;101;57;67;0.2;2.2;180;6;0
703;Carbink;Melecieメレシー;Jewel Pokémon;rock;fairy;Clear Body, Sturdy;50;50;150;50;150;50;0.3;5.7;60;6;0
704;Goomy;Numeraヌメラ;Soft Tissue Pokémon;dragon;;Gooey, Hydration, Sap Sipper;50;55;75;40;35;45;0.3;2.8;45;6;0
705;Sliggoo;Numeilヌメイル;Soft Tissue Pokémon;dragon;;Gooey, Hydration, Sap Sipper;75;83;113;60;53;68;0.8;17.5;45;6;0
706;Goodra;Numelgonヌメルゴン;Dragon Pokémon;dragon;;Gooey, Hydration, Sap Sipper;100;110;150;80;70;90;2.0;150.5;45;6;0
707;Klefki;Cleffyクレッフィ;Key Ring Pokémon;steel;fairy;Magician, Prankster;80;80;87;75;91;57;0.2;3.0;75;6;0
708;Phantump;Bokureiボクレー;Stump Pokémon;ghost;grass;Harvest, Natural Cure, Frisk;70;50;60;38;48;43;0.4;7.0;120;6;0
709;Trevenant;Ohrotオーロット;Elder Tree Pokémon;ghost;grass;Harvest, Natural Cure, Frisk;110;65;82;56;76;85;1.5;71.0;60;6;0
710;Pumpkaboo;Bakecchaバケッチャ;Pumpkin Pokémon;ghost;grass;Frisk, Insomnia, Pickup;66;44;55;41;70;59;0.8;15.0;120;6;0
711;Gourgeist;Pumpjinパンプジン;Pumpkin Pokémon;ghost;grass;Frisk, Insomnia, Pickup;100;58;75;54;122;85;1.7;39.0;60;6;0
712;Bergmite;Kachikohruカチコール;Ice Chunk Pokémon;ice;;Ice Body, Own Tempo, Sturdy;69;32;35;28;85;55;1.0;99.5;190;6;0
713;Avalugg;Crebaseクレベース;Iceberg Pokémon;ice;;Ice Body, Own Tempo, Sturdy;117;44;46;28;184;95;2.0;505.0;55;6;0
714;Noibat;Onbatオンバット;Sound Wave Pokémon;flying;dragon;Infiltrator, Telepathy, Frisk;30;45;40;55;35;40;0.5;8.0;190;6;0
715;Noivern;Onvernオンバーン;Sound Wave Pokémon;flying;dragon;Infiltrator, Telepathy, Frisk;70;97;80;123;80;85;1.5;85.0;45;6;0
716;Xerneas;Xerneasゼルネアス;Life Pokémon;fairy;;Fairy Aura;131;131;98;99;95;126;3.0;215.0;45;6;1
717;Yveltal;Yveltalイベルタル;Destruction Pokémon;dark;flying;Dark Aura;131;131;98;99;95;126;5.8;203.0;45;6;1
718;Zygarde;Zygarde (10% Forme)ジガルデ;Order Pokémon;dragon;ground;Aura Break, Power Construct;100;91;95;85;121;216;5.0;284.6;3;6;1
719;Diancie;Diancieディアンシー;Jewel Pokémon;rock;fairy;Clear Body;160;160;110;110;110;50;0.7;8.8;3;6;1
720;Hoopa;Hoopa (imashimerareshi Hoopa)フーパ;Mischief Pokémon (Confined)Djinn Pokémonn (Unbound);psychic;ghost;Magician;160;170;130;80;60;80;;;3;6;1
721;Volcanion;Volcanionボルケニオン;Steam Pokémon;fire;water;Water Absorb;110;130;90;70;120;80;1.7;195.0;3;6;1
722;Rowlet;Mokurohモクロー;Grass Quill Pokémon;grass;flying;Overgrow, Long Reach;55;50;50;42;55;68;0.3;1.5;45;7;0
723;Dartrix;Fukuthrowフクスロー;Blade Quill Pokémon;grass;flying;Overgrow, Long Reach;75;70;70;52;75;78;0.7;16.0;45;7;0
724;Decidueye;Junaiperジュナイパー;Arrow Quill Pokémon;grass;ghost;Overgrow, Long Reach;107;100;100;70;75;78;1.6;36.6;45;7;0
725;Litten;Nyabbyニャビー;Fire Cat Pokémon;fire;;Intimidate, Blaze;65;60;40;70;40;45;0.4;4.3;45;7;0
726;Torracat;Nyaheatニャヒート;Fire Cat Pokémon;fire;;Intimidate, Blaze;85;80;50;90;50;65;0.7;25.0;45;7;0
727;Incineroar;Gaogaenガオガエン;Heel Pokémon;fire;dark;Intimidate, Blaze;115;80;90;60;90;95;1.8;83.0;45;7;0
728;Popplio;Ashimariアシマリ;Sea Lion Pokémon;water;;Liquid Voice, Torrent;54;66;56;40;54;50;0.4;7.5;45;7;0
729;Brionne;Osyamariオシャマリ;Pop Star Pokémon;water;;Liquid Voice, Torrent;69;91;81;50;69;60;0.6;17.5;45;7;0
730;Primarina;Ashireneアシレーヌ;Soloist Pokémon;water;fairy;Liquid Voice, Torrent;74;126;116;60;74;80;1.8;44.0;45;7;0
731;Pikipek;Tsutsukeraツツケラ;Woodpecker Pokémon;normal;flying;Keen Eye, Skill Link, Pickup;75;30;30;65;30;35;0.3;1.2;255;7;0
732;Trumbeak;Kerarappaケララッパ;Bugle Beak Pokémon;normal;flying;Keen Eye, Skill Link, Pickup;85;40;50;75;50;55;0.6;14.8;120;7;0
733;Toucannon;Dodekabashiドデカバシ;Cannon Pokémon;normal;flying;Keen Eye, Sheer Force, Skill Link;120;75;75;60;75;80;1.1;26.0;45;7;0
734;Yungoos;Youngooseヤングース;Loitering Pokémon;normal;;Stakeout, Adaptability, Strong Jaw;70;30;30;45;30;48;0.4;6.0;255;7;0
735;Gumshoos;Dekagooseデカグース;Stakeout Pokémon;normal;;Stakeout, Adaptability, Strong Jaw;110;55;60;45;60;88;0.7;14.2;127;7;0
736;Grubbin;Agojimushiアゴジムシ;Larva Pokémon;bug;;Swarm;62;55;45;46;45;47;0.4;4.4;255;7;0
737;Charjabug;Dendimushiデンヂムシ;Battery Pokémon;bug;electric;Battery;82;55;75;36;95;57;0.5;10.5;120;7;0
738;Vikavolt;Kuwagannonクワガノン;Stag Beetle Pokémon;bug;electric;Levitate;70;145;75;43;90;77;1.5;45.0;45;7;0
739;Crabrawler;Makenkaniマケンカニ;Boxing Pokémon;fighting;;Iron Fist, Hyper Cutter, Anger Point;82;42;47;63;57;47;0.6;7.0;225;7;0
740;Crabominable;Kekenkaniケケンカニ;Woolly Crab Pokémon;fighting;ice;Iron Fist, Hyper Cutter, Anger Point;132;62;67;43;77;97;1.7;180.0;60;7;0
741;Oricorio;Odoridori (pachipachi Style)オドリドリ;Dancing Pokémon;fire;flying;Dancer;70;98;70;93;70;75;0.6;3.4;45;7;0
742;Cutiefly;Abulyアブリー;Bee Fly Pokémon;bug;fairy;Honey Gather, Sweet Veil, Shield Dust;45;55;40;84;40;40;0.1;0.2;190;7;0
743;Ribombee;Aburibbonアブリボン;Bee Fly Pokémon;bug;fairy;Honey Gather, Sweet Veil, Shield Dust;55;95;70;124;60;60;0.2;0.5;75;7;0
744;Rockruff;Iwankoイワンコ;Puppy Pokémon;rock;;Keen Eye, Steadfast, Vital Spirit;65;30;40;60;40;45;0.5;9.2;190;7;0
745;Lycanroc;Lugarugan (mahiru No Sugata)ルガルガン;Wolf Pokémon;rock;;Sand Rush, Keen Eye, No Guard, Vital Spirit, Steadfast;115;55;75;82;75;85;;;90;7;0
746;Wishiwashi;Yowashi (tandoku No Sugata)ヨワシ;Small Fry Pokémon;water;;Schooling;140;140;135;30;130;45;0.2;0.3;60;7;0
747;Mareanie;Hidoideヒドイデ;Brutal Star Pokémon;poison;water;Regenerator, Merciless, Limber;53;43;52;45;62;50;0.4;8.0;190;7;0
748;Toxapex;Dohidoideドヒドイデ;Brutal Star Pokémon;poison;water;Regenerator, Merciless, Limber;63;53;142;35;152;50;0.7;14.5;75;7;0
749;Mudbray;Dorobankoドロバンコ;Donkey Pokémon;ground;;Stamina, Own Tempo, Inner Focus;100;45;55;45;70;70;1.0;110.0;190;7;0
750;Mudsdale;Banbadoroバンバドロ;Draft Horse Pokémon;ground;;Stamina, Own Tempo, Inner Focus;125;55;85;35;100;100;2.5;920.0;60;7;0
751;Dewpider;Shizukumoシズクモ;Water Bubble Pokémon;water;bug;Water Bubble, Water Absorb;40;40;72;27;52;38;0.3;4.0;200;7;0
752;Araquanid;Onishizukumoオニシズクモ;Water Bubble Pokémon;water;bug;Water Bubble, Water Absorb;70;50;132;42;92;68;1.8;82.0;100;7;0
753;Fomantis;Karikiriカリキリ;Sickle Grass Pokémon;grass;;Leaf Guard, Contrary;55;50;35;35;35;40;0.3;1.5;190;7;0
754;Lurantis;Lalantesラランテス;Bloom Sickle Pokémon;grass;;Leaf Guard, Contrary;105;80;90;45;90;70;0.9;18.5;75;7;0
755;Morelull;Nemasyuネマシュ;Illuminating Pokémon;grass;fairy;Rain Dish, Effect Spore, Illuminate;35;65;75;15;55;40;0.2;1.5;190;7;0
756;Shiinotic;Mashadeマシェード;Illuminating Pokémon;grass;fairy;Rain Dish, Effect Spore, Illuminate;45;90;100;30;80;60;1.0;11.5;75;7;0
757;Salandit;Yatoumoriヤトウモリ;Toxic Lizard Pokémon;poison;fire;Oblivious, Corrosion;44;71;40;77;40;48;0.6;4.8;120;7;0
758;Salazzle;Ennewtエンニュート;Toxic Lizard Pokémon;poison;fire;Oblivious, Corrosion;64;111;60;117;60;68;1.2;22.2;45;7;0
759;Stufful;Nuikogumaヌイコグマ;Flailing Pokémon;normal;fighting;Klutz, Fluffy, Cute Charm;75;45;50;50;50;70;0.5;6.8;140;7;0
760;Bewear;Kiterugumaキテルグマ;Strong Arm Pokémon;normal;fighting;Klutz, Fluffy, Unnerve;125;55;60;60;80;120;2.1;135.0;70;7;0
761;Bounsweet;Amakajiアマカジ;Fruit Pokémon;grass;;Sweet Veil, Leaf Guard, Oblivious;30;30;38;32;38;42;0.3;3.2;235;7;0
762;Steenee;Amamaikoアママイコ;Fruit Pokémon;grass;;Sweet Veil, Leaf Guard, Oblivious;40;40;48;62;48;52;0.7;8.2;120;7;0
763;Tsareena;Amajoアマージョ;Fruit Pokémon;grass;;Queenly Majesty, Leaf Guard, Sweet Veil;120;50;98;72;98;72;1.2;21.4;45;7;0
764;Comfey;Cuwawaキュワワー;Posy Picker Pokémon;fairy;;Flower Veil, Triage, Natural Cure;52;82;110;100;90;51;0.1;0.3;60;7;0
765;Oranguru;Yareyuutanヤレユータン;Sage Pokémon;normal;psychic;Telepathy, Symbiosis, Inner Focus;60;90;110;60;80;90;1.5;76.0;45;7;0
766;Passimian;Nagetukesaruナゲツケサル;Teamwork Pokémon;fighting;;Defiant, Receiver;120;40;60;80;90;100;2.0;82.8;45;7;0
767;Wimpod;Kosokumushiコソクムシ;Turn Tail Pokémon;bug;water;Wimp Out;35;20;30;80;40;25;0.5;12.0;90;7;0
768;Golisopod;Gusokumushaグソクムシャ;Hard Scale Pokémon;bug;water;Emergency Exit;125;60;90;40;140;75;2.0;108.0;45;7;0
769;Sandygast;Sunabaスナバァ;Sand Heap Pokémon;ghost;ground;Sand Veil, Water Compaction;55;70;45;15;80;55;0.5;70.0;140;7;0
770;Palossand;Sirodethnaシロデスナ;Sand Castle Pokémon;ghost;ground;Sand Veil, Water Compaction;75;100;75;35;110;85;1.3;250.0;60;7;0
771;Pyukumuku;Namakobushiナマコブシ;Sea Cucumber Pokémon;water;;Innards Out, Unaware;60;30;130;5;130;55;0.3;1.2;60;7;0
772;Type: Null;Type: Nullタイプ：ヌル;Synthetic Pokémon;normal;;Battle Armor;95;95;95;59;95;95;1.9;120.5;3;7;0
773;Silvally;Silvadyシルヴァディ;Synthetic Pokémon;normal;;RKS System;95;95;95;95;95;95;2.3;100.5;3;7;0
774;Minior;Metenoメテノ;Meteor Pokémon;rock;flying;Shields Down;100;100;60;120;60;60;0.3;40.0;30 (Meteorite)255 (Core);7;0
775;Komala;Nekkoaraネッコアラ;Drowsing Pokémon;normal;;Comatose;115;75;95;65;65;65;0.4;19.9;45;7;0
776;Turtonator;Bakugamesバクガメス;Blast Turtle Pokémon;fire;dragon;Shell Armor;78;91;85;36;135;60;2.0;212.0;70;7;0
777;Togedemaru;Togedemaruトゲデマル;Roly-Poly Pokémon;electric;steel;Lightningrod, Iron Barbs, Sturdy;98;40;73;96;63;65;0.3;3.3;180;7;0
778;Mimikyu;Mimikkyuミミッキュ;Disguise Pokémon;ghost;fairy;Disguise;90;50;105;96;80;55;0.2;0.7;45;7;0
779;Bruxish;Hagigishiriハギギシリ;Gnash Teeth Pokémon;water;psychic;Wonder Skin, Strong Jaw, Dazzling;105;70;70;92;70;68;0.9;19.0;80;7;0
780;Drampa;Jijilongジジーロン;Placid Pokémon;normal;dragon;Cloud Nine, Berserk, Sap Sipper;60;135;91;36;85;78;3.0;185.0;70;7;0
781;Dhelmise;Dadarinダダリン;Sea Creeper Pokémon;ghost;grass;Steelworker;131;86;90;40;100;70;3.9;210.0;25;7;0
782;Jangmo-o;Jyarakoジャラコ;Scaly Pokémon;dragon;;Bulletproof, Soundproof, Overcoat;55;45;45;45;65;45;0.6;29.7;45;7;0
783;Hakamo-o;Jyarangoジャランゴ;Scaly Pokémon;dragon;fighting;Bulletproof, Soundproof, Overcoat;75;65;70;65;90;55;1.2;47.0;45;7;0
784;Kommo-o;Jyararangaジャラランガ;Scaly Pokémon;dragon;fighting;Bulletproof, Soundproof, Overcoat;110;100;105;85;125;75;1.6;78.2;45;7;0
785;Tapu Koko;Kapu-kokekoカプ・コケコ;Land Spirit Pokémon;electric;fairy;Electric Surge, Telepathy;115;95;75;130;85;70;1.8;20.5;3;7;1
786;Tapu Lele;Kapu-tetefuカプ・テテフ;Land Spirit Pokémon;psychic;fairy;Telepathy, Psychic Surge;85;130;115;95;75;70;1.2;18.6;3;7;1
787;Tapu Bulu;Kapu-bululカプ・ブルル;Land Spirit Pokémon;grass;fairy;Telepathy, Grassy Surge;130;85;95;75;115;70;1.9;45.5;3;7;1
788;Tapu Fini;Kapu-rehireカプ・レヒレ;Land Spirit Pokémon;water;fairy;Telepathy, Misty Surge;75;95;130;85;115;70;1.3;21.2;3;7;1
789;Cosmog;Cosmogコスモッグ;Nebula Pokémon;psychic;;Unaware;29;29;31;37;31;43;0.2;0.1;45;7;1
790;Cosmoem;Cosmovumコスモウム;Protostar Pokémon;psychic;;Sturdy;29;29;131;37;131;43;0.1;999.9;45;7;1
791;Solgaleo;Solgaleoソルガレオ;Sunne Pokémon;psychic;steel;Full Metal Body;137;113;89;97;107;137;3.4;230.0;45;7;1
792;Lunala;Lunalaルナアーラ;Moone Pokémon;psychic;ghost;Shadow Shield;113;137;107;97;89;137;4.0;120.0;45;7;1
793;Nihilego;Uturoidウツロイド;Parasite Pokémon;rock;poison;Beast Boost;53;127;131;103;47;109;1.2;55.5;45;7;1
794;Buzzwole;Massivoonマッシブーン;Swollen Pokémon;bug;fighting;Beast Boost;139;53;53;79;139;107;2.4;333.6;25;7;1
795;Pheromosa;Pheroacheフェローチェ;Lissome Pokémon;bug;fighting;Beast Boost;137;137;37;151;37;71;1.8;25.0;255;7;1
796;Xurkitree;Denjyumokuデンジュモク;Glowing Pokémon;electric;;Beast Boost;89;173;71;83;71;83;3.8;100.0;30;7;1
797;Celesteela;Tekkaguyaテッカグヤ;Launch Pokémon;steel;flying;Beast Boost;101;107;101;61;103;97;9.2;999.9;25;7;1
798;Kartana;Kamiturugiカミツルギ;Drawn Sword Pokémon;grass;steel;Beast Boost;181;59;31;109;131;59;0.3;0.1;255;7;1
799;Guzzlord;Akuzikingアクジキング;Junkivore Pokémon;dark;dragon;Beast Boost;101;97;53;43;53;223;5.5;888.0;15;7;1
800;Necrozma;Necrozmaネクロズマ;Prism Pokémon;psychic;;Prism Armor;107;127;89;79;101;97;2.4;230.0;3;7;1
801;Magearna;Magearnaマギアナ;Artificial Pokémon;steel;fairy;Soul-Heart;95;130;115;65;115;80;1.0;80.5;3;7;1
