,Job Titles,Department,Full or Part-Time,Salary or Hourly,Typical Hours,Annual Salary,Hourly Rate
0,SERGEANT,POLICE,F,Salary,,101442.0,
1,POLICE OFFICER (ASSIGNED AS DETECTIVE),POLICE,F,Salary,,94122.0,
2,CHIEF CONTRACT EXPEDITER,FLEET & FACILITY MANAGEMENT,F,Salary,,111024.0,
3,CIVIL ENGINEER IV,WATER MGMNT,F,Salary,,114780.0,
4,POLICE OFFICER,POLICE,F,Salary,,48078.0,
5,TRAFFIC CONTROL AIDE-HOURLY,OEMC,P,Hourly,20.0,,19.86
6,STAFF ASST TO THE ALDERMAN,CITY COUNCIL,F,Salary,,51948.0,
7,ELECTRICAL MECHANIC,AVIATION,F,Hourly,40.0,,48.35
8,FIRE ENGINEER-EMT,FIRE,F,Salary,,103350.0,
9,POLICE OFFICER,POLICE,F,Salary,,93354.0,
10,FOSTER GRANDPARENT,FAMILY & SUPPORT,P,Hourly,20.0,,2.65
11,POLICE OFFICER,POLICE,F,Salary,,68616.0,
12,POLICE OFFICER,POLICE,F,Salary,,84054.0,
13,POLICE OFFICER,POLICE,F,Salary,,87006.0,
14,FIREFIGHTER (PER ARBITRATORS AWARD)-PARAMEDIC,FIRE,F,Salary,,105804.0,
15,POLICE OFFICER,POLICE,F,Salary,,48078.0,
16,SERGEANT,POLICE,F,Salary,,101442.0,
17,FIREFIGHTER/PARAMEDIC,FIRE,F,Salary,,94476.0,
18,ENGINEERING TECHNICIAN VI,WATER MGMNT,F,Salary,,116280.0,
19,FIREFIGHTER-EMT,FIRE,F,Salary,,95484.0,
20,ELECTRICAL MECHANIC (AUTOMOTIVE),FLEET & FACILITY MANAGEMENT,F,Hourly,40.0,,48.35
21,ASST CORPORATION COUNSEL I,LAW,F,Salary,,61884.0,
22,GENERAL LABORER - DSS,STREETS & SAN,F,Hourly,40.0,,24.46
23,POLICE OFFICER,POLICE,F,Salary,,90024.0,
24,PARAMEDIC I/C,FIRE,F,Salary,,91080.0,
25,POLICE OFFICER,POLICE,F,Salary,,48078.0,
26,POLICE OFFICER,POLICE,F,Salary,,48078.0,
27,POLICE OFFICER,POLICE,F,Salary,,72510.0,
28,POLICE OFFICER,POLICE,F,Salary,,80016.0,
29,POLICE OFFICER,POLICE,F,Salary,,72510.0,
30,SENIOR PROGRAMMER/ANALYST,FAMILY & SUPPORT,F,Salary,,114780.0,
31,INVESTIGATOR-COPA,COPA,F,Salary,,66204.0,
32,CIVIL ENGINEER IV,WATER MGMNT,F,Salary,,114780.0,
33,CIVIL ENGINEER II,WATER MGMNT,F,Salary,,62904.0,
34,POLICE OFFICER,POLICE,F,Salary,,84054.0,
35,POLICE OFFICER,POLICE,F,Salary,,76266.0,
36,SUPERINTENDENT OF SPECIAL TRAFFIC SERVICES,OEMC,F,Salary,,70272.0,
37,SANITATION LABORER,STREETS & SAN,F,Hourly,40.0,,37.76
38,POLICE OFFICER,POLICE,F,Salary,,72510.0,
39,POOL MOTOR TRUCK DRIVER,STREETS & SAN,F,Hourly,40.0,,36.45
40,OPERATING ENGINEER-GROUP C,WATER MGMNT,F,Hourly,40.0,,48.17
41,FIREFIGHTER-EMT,FIRE,F,Salary,,92274.0,
42,SEWER BRICKLAYER,WATER MGMNT,F,Hourly,40.0,,46.19
43,TRAFFIC SIGNAL REPAIRMAN,TRANSPORTN,F,Salary,,107952.0,
44,PERSONAL COMPUTER OPERATOR III,HEALTH,F,Salary,,73104.0,
45,FIREFIGHTER-EMT,FIRE,F,Salary,,99324.0,
46,POLICE OFFICER,POLICE,F,Salary,,93354.0,
47,POLICE OFFICER,POLICE,F,Salary,,68616.0,
48,ELECTRICAL MECHANIC,AVIATION,F,Hourly,40.0,,48.35
49,SENIOR ENVIRONMENTAL INSPECTOR,HEALTH,F,Salary,,88044.0,
50,POLICE OFFICER,POLICE,F,Salary,,80016.0,
51,POLICE OFFICER,POLICE,F,Salary,,72510.0,
52,FOREMAN OF WATER PIPE CONSTRUCTION,WATER MGMNT,F,Hourly,40.0,,53.25
53,POLICE OFFICER,POLICE,F,Salary,,80016.0,
54,CIVIL ENGINEER II,WATER MGMNT,F,Salary,,96360.0,
55,POLICE OFFICER (ASSIGNED AS DETECTIVE),POLICE,F,Salary,,100980.0,
56,FOREMAN OF CONSTRUCTION LABORERS,AVIATION,F,Hourly,40.0,,43.82
57,POLICE OFFICER,POLICE,F,Salary,,76266.0,
58,POLICE OFFICER,POLICE,F,Salary,,87006.0,
59,POLICE OFFICER,POLICE,F,Salary,,90024.0,
60,DIVISION SUPERINTENDENT,STREETS & SAN,F,Salary,,121188.0,
61,MOTOR TRUCK DRIVER,STREETS & SAN,F,Hourly,40.0,,37.0
62,POLICE OFFICER,POLICE,F,Salary,,68616.0,
63,POLICE OFFICER (ASSIGNED AS DETECTIVE),POLICE,F,Salary,,91080.0,
64,POLICE OFFICER,POLICE,F,Salary,,87006.0,
65,POLICE OFFICER,POLICE,F,Salary,,93354.0,
66,COMMUNICABLE DISEASE CONTROL INVESTIGATOR II,HEALTH,F,Salary,,76584.0,
67,POLICE OFFICER,POLICE,F,Salary,,76266.0,
68,POLICE OFFICER,POLICE,F,Salary,,90024.0,
69,DETENTION AIDE,POLICE,F,Salary,,48072.0,
70,FIREFIGHTER,FIRE,F,Salary,,97386.0,
71,POLICE OFFICER,POLICE,F,Salary,,80016.0,
72,LIEUTENANT-EMT,FIRE,F,Salary,,121818.0,
73,POLICE OFFICER,POLICE,F,Salary,,84054.0,
74,POLICE OFFICER,POLICE,F,Salary,,84054.0,
75,POLICE OFFICER,POLICE,F,Salary,,90024.0,
76,ASPHALT LABORER,TRANSPORTN,F,Hourly,40.0,,42.72
77,POLICE COMMUNICATIONS OPERATOR II,OEMC,F,Salary,,60648.0,
78,FIREFIGHTER,FIRE,F,Salary,,93666.0,
79,POLICE OFFICER (ASSIGNED AS DETECTIVE),POLICE,F,Salary,,100980.0,
80,SENIOR PUBLIC INFORMATION OFFICER,BUSINESS AFFAIRS,F,Salary,,96096.0,
81,POLICE OFFICER,POLICE,F,Salary,,90024.0,
82,POLICE OFFICER,POLICE,F,Salary,,90024.0,
83,POLICE OFFICER,POLICE,F,Salary,,90024.0,
84,PARAMEDIC,FIRE,F,Salary,,72510.0,
85,POOL MOTOR TRUCK DRIVER,AVIATION,F,Hourly,40.0,,36.45
86,POLICE OFFICER,POLICE,F,Salary,,87006.0,
87,POLICE OFFICER,POLICE,F,Salary,,93354.0,
88,POOL MOTOR TRUCK DRIVER,AVIATION,P,Hourly,10.0,,32.81
89,CHIEF ASST CORPORATION COUNSEL,LAW,F,Salary,,130884.0,
90,PARAMEDIC I/C,FIRE,F,Salary,,91080.0,
91,CROSSING GUARD,OEMC,P,Hourly,20.0,,17.68
92,FIREFIGHTER-EMT (RECRUIT),FIRE,F,Salary,,56304.0,
93,STEAMFITTER,WATER MGMNT,F,Hourly,40.0,,48.5
94,EEO INVESTIGATOR,HUMAN RESOURCES,F,Salary,,70140.0,
95,FIREFIGHTER-EMT (RECRUIT),FIRE,F,Salary,,56304.0,
96,WINDOW WASHER,FLEET & FACILITY MANAGEMENT,F,Hourly,40.0,,22.75
97,POLICE OFFICER,POLICE,F,Salary,,76266.0,
98,POLICE OFFICER,POLICE,F,Salary,,93354.0,
99,FREEDOM OF INFORMATION ACT OFFICER,POLICE,F,Salary,,55632.0,
100,POLICE OFFICER,POLICE,F,Salary,,87006.0,
101,POLICE OFFICER,POLICE,F,Salary,,76266.0,
102,LIBRARY ASSOCIATE,PUBLIC LIBRARY,F,Salary,,72480.0,
103,POLICE OFFICER,POLICE,F,Salary,,93354.0,
104,POLICE OFFICER,POLICE,F,Salary,,76266.0,
105,SANITATION LABORER,STREETS & SAN,F,Hourly,40.0,,37.76
106,PARKING ENFORCEMENT AIDE,AVIATION,F,Salary,,64392.0,
107,LABORER,FLEET & FACILITY MANAGEMENT,F,Hourly,40.0,,42.72
108,POLICE OFFICER,POLICE,F,Salary,,84054.0,
109,SENIOR COMPANION,FAMILY & SUPPORT,P,Hourly,20.0,,2.65
110,POLICE OFFICER (ASGND AS MARINE OFFICER),POLICE,F,Salary,,94524.0,
111,SANITATION LABORER,STREETS & SAN,F,Hourly,40.0,,37.76
112,BOOTER - PARKING,FINANCE,F,Hourly,40.0,,33.9
113,FIREFIGHTER,FIRE,F,Salary,,97386.0,
114,POLICE OFFICER,POLICE,F,Salary,,68616.0,
115,CUSTODIAL WORKER,AVIATION,F,Hourly,40.0,,21.65
116,POLICE OFFICER,POLICE,F,Salary,,90024.0,
117,MACHINIST (AUTOMOTIVE),FLEET & FACILITY MANAGEMENT,F,Hourly,40.0,,48.38
118,POLICE OFFICER (ASSIGNED AS DETECTIVE),POLICE,F,Salary,,100980.0,
119,FIREFIGHTER/PARAMEDIC,FIRE,F,Salary,,91272.0,
120,MOTOR TRUCK DRIVER,TRANSPORTN,F,Hourly,40.0,,36.45
121,FIREFIGHTER-EMT,FIRE,F,Salary,,89148.0,
122,MOTOR TRUCK DRIVER,AVIATION,F,Hourly,40.0,,36.45
123,TITLE V PROGRAM TRAINEE I,FAMILY & SUPPORT,P,Hourly,20.0,,8.25
124,SPECIAL EVENTS COORD III,CULTURAL AFFAIRS,F,Salary,,87564.0,
125,CLINICAL THERAPIST III,POLICE,F,Salary,,105108.0,
126,POLICE OFFICER,POLICE,F,Salary,,87006.0,
127,POLICE ADMINISTRATIVE CLERK,POLICE,F,Salary,,43428.0,
128,SANITATION LABORER,STREETS & SAN,F,Hourly,40.0,,37.76
129,AVIATION SECURITY OFFICER,AVIATION,F,Salary,,64392.0,
130,ADMINISTRATIVE ASST III,BUSINESS AFFAIRS,F,Salary,,84024.0,
131,POLICE OFFICER,POLICE,F,Salary,,72510.0,
132,POLICE OFFICER,POLICE,F,Salary,,76266.0,
133,POOL MOTOR TRUCK DRIVER,STREETS & SAN,P,Hourly,10.0,,32.81
134,POLICE OFFICER (ASSIGNED AS DETECTIVE),POLICE,F,Salary,,100980.0,
135,POLICE OFFICER,POLICE,F,Salary,,93354.0,
136,FIREFIGHTER-EMT,FIRE,F,Salary,,89148.0,
137,POLICE OFFICER,POLICE,F,Salary,,72510.0,
138,POLICE OFFICER,POLICE,F,Salary,,72510.0,
139,FIREFIGHTER-EMT (RECRUIT),FIRE,F,Salary,,76266.0,
140,POLICE OFFICER,POLICE,F,Salary,,84054.0,
141,GENERAL LABORER - DSS,STREETS & SAN,F,Hourly,40.0,,23.74
142,ACCOUNTING TECHNICIAN II,HOUSING,F,Salary,,73104.0,
143,LIBRARY PAGE,PUBLIC LIBRARY,P,Hourly,20.0,,13.8
144,CROSSING GUARD - PER CBA,OEMC,P,Hourly,20.0,,13.94
145,POLICE OFFICER,POLICE,F,Salary,,84054.0,
146,WATCHMAN,FLEET & FACILITY MANAGEMENT,F,Hourly,40.0,,22.92
147,PROGRAM AUDITOR II,HOUSING,F,Salary,,55632.0,
148,LEGAL SECRETARY,LAW,F,Salary,,88044.0,
149,MOTOR TRUCK DRIVER,STREETS & SAN,F,Hourly,40.0,,36.45
150,SR PROCUREMENT SPECIALIST,PROCUREMENT,F,Salary,,79020.0,
151,CAPTAIN-EMT,FIRE,F,Salary,,132732.0,
152,VENTILATION AND FURNACE INSPECTOR,BUILDINGS,F,Salary,,99403.2,
153,CROSSING GUARD - PER CBA,OEMC,P,Hourly,20.0,,15.94
154,POLICE OFFICER,POLICE,F,Salary,,84054.0,
155,GENERAL LABORER - DSS,STREETS & SAN,F,Hourly,40.0,,23.05
156,LIBRARIAN IV,PUBLIC LIBRARY,F,Salary,,105108.0,
157,SUPVSR OF COMPENSATION,BUSINESS AFFAIRS,F,Salary,,96096.0,
158,CIVIL ENGINEER IV,TRANSPORTN,F,Salary,,114780.0,
159,PUBLIC HEALTH ADMINISTRATOR I,HEALTH,F,Salary,,84024.0,
160,POLICE OFFICER (ASSIGNED AS DETECTIVE),POLICE,F,Salary,,100980.0,
161,POLICE OFFICER,POLICE,F,Salary,,90024.0,
162,POLICE OFFICER,POLICE,F,Salary,,68616.0,
163,SERGEANT,POLICE,F,Salary,,104628.0,
164,CONCRETE LABORER,TRANSPORTN,F,Hourly,40.0,,42.72
165,POOL MOTOR TRUCK DRIVER,STREETS & SAN,F,Hourly,40.0,,36.45
166,LIBRARY CLERK,PUBLIC LIBRARY,F,Salary,,32892.0,
167,LIBRARY ASSOCIATE,PUBLIC LIBRARY,F,Salary,,72480.0,
168,BUILDING/CONSTRUCTION INSPECTOR,BUILDINGS,F,Salary,,127536.0,
169,POLICE OFFICER,POLICE,F,Salary,,84054.0,
170,SUPERVISING DISEASE CONTROL INVESTIGATOR - EXCL,HEALTH,F,Salary,,79812.0,
171,POLICE OFFICER,POLICE,F,Salary,,90024.0,
172,LEGISLATIVE AIDE,CITY COUNCIL,F,Salary,,20568.0,
173,FREEDOM OF INFORMATION ACT OFFICER,POLICE,F,Salary,,55632.0,
174,ACCOUNTANT IV,FINANCE,F,Salary,,105108.0,
175,AVIATION SECURITY OFFICER,AVIATION,F,Salary,,50412.0,
176,ENVIRONMENTAL ENGINEER III,HEALTH,F,Salary,,114780.0,
177,CONSTRUCTION LABORER,WATER MGMNT,F,Hourly,40.0,,42.72
178,TRAFFIC CONTROL AIDE-HOURLY,OEMC,P,Hourly,20.0,,19.86
179,CIVIL ENGINEER III,TRANSPORTN,F,Salary,,105108.0,
180,ACCOUNTING TECHNICIAN I,FINANCE,F,Salary,,40020.0,
181,PUBLIC HEALTH ADMINISTRATOR I,HEALTH,F,Salary,,80232.0,
182,POLICE COMMUNICATIONS OPERATOR I,OEMC,F,Salary,,81156.0,
183,POLICE OFFICER,POLICE,F,Salary,,96060.0,
184,SUPERVISING FIRE COMMUNICATIONS OPERATOR,OEMC,F,Salary,,118352.04,
185,LIBRARIAN I,PUBLIC LIBRARY,F,Salary,,54564.0,
186,SERGEANT,POLICE,F,Salary,,101442.0,
187,ADMINISTRATIVE ASST III,BUSINESS AFFAIRS,F,Salary,,80232.0,
188,POLICE OFFICER,POLICE,F,Salary,,96060.0,
189,FIRE ENGINEER-EMT,FIRE,F,Salary,,107106.0,
190,SERGEANT,POLICE,F,Salary,,111474.0,
191,ASST CHIEF AIRPORT OPERATIONS SUPVSR,AVIATION,F,Salary,,127536.0,
192,PARAMEDIC,FIRE,F,Salary,,68616.0,
193,POLICE OFFICER,POLICE,F,Salary,,93354.0,
194,TITLE V PROGRAM TRAINEE I,FAMILY & SUPPORT,P,Hourly,20.0,,8.25
195,DEPUTY COMMISSIONER,WATER MGMNT,F,Salary,,132972.0,
196,POLICE OFFICER,POLICE,F,Salary,,87006.0,
197,POLICE OFFICER,POLICE,F,Salary,,96060.0,
198,MOTOR TRUCK DRIVER,AVIATION,F,Hourly,40.0,,36.45
199,SERGEANT,POLICE,F,Salary,,101442.0,
200,POLICE OFFICER (ASSIGNED AS DETECTIVE),POLICE,F,Salary,,103932.0,
201,FIREFIGHTER (PER ARBITRATORS AWARD)-EMT,FIRE,F,Salary,,107106.0,
202,ASST DIR,POLICE,F,Salary,,95736.0,
203,POLICE OFFICER/EXPLSV DETECT K9 HNDLR,POLICE,F,Salary,,94524.0,
204,LABOR RELATIONS SUPVSR,FLEET & FACILITY MANAGEMENT,F,Salary,,70272.0,
205,BRIDGE OPERATOR,TRANSPORTN,F,Salary,,66564.0,
206,SERGEANT,POLICE,F,Salary,,111474.0,
207,POLICE OFFICER,POLICE,F,Salary,,90024.0,
208,SANITATION LABORER,STREETS & SAN,F,Hourly,40.0,,39.98
209,SANITATION LABORER,STREETS & SAN,F,Hourly,40.0,,37.76
210,POLICE OFFICER,POLICE,F,Salary,,84054.0,
211,POLICE OFFICER,POLICE,F,Salary,,84054.0,
212,FIREFIGHTER-EMT,FIRE,F,Salary,,89148.0,
213,FIREFIGHTER-EMT,FIRE,F,Salary,,92274.0,
214,LABORER - APPRENTICE,WATER MGMNT,F,Hourly,40.0,,25.63
215,CLERK IV,FINANCE,F,Salary,,40020.0,
216,DEPUTY COMMISSIONER,PLANNING AND DEVELOPMENT,F,Salary,,123996.0,
217,MOTOR TRUCK DRIVER,AVIATION,F,Hourly,40.0,,36.45
218,SANITATION LABORER,STREETS & SAN,F,Hourly,40.0,,37.76
219,ANIMAL CARE AIDE I,ANIMAL CONTRL,F,Salary,,73104.0,
220,MOTOR TRUCK DRIVER,AVIATION,F,Hourly,40.0,,36.45
221,SANITATION CLERK,STREETS & SAN,F,Salary,,73068.0,
222,PARAMEDIC I/C,FIRE,F,Salary,,91080.0,
223,POOL MOTOR TRUCK DRIVER,STREETS & SAN,F,Hourly,40.0,,36.45
224,EDITORIAL ASST,CITY CLERK,F,Salary,,69828.0,
225,SERGEANT,POLICE,F,Salary,,104628.0,
226,POLICE OFFICER,POLICE,F,Salary,,90024.0,
227,POLICE OFFICER,POLICE,F,Salary,,72510.0,
228,POLICE OFFICER,POLICE,F,Salary,,87006.0,
229,ANIMAL CONTROL OFFICER,ANIMAL CONTRL,F,Salary,,70644.0,
230,POLICE OFFICER,POLICE,F,Salary,,80016.0,
231,SANITATION LABORER,STREETS & SAN,F,Hourly,40.0,,37.76
232,STREET LIGHT REPAIR WORKER,TRANSPORTN,F,Salary,,107952.0,
233,SERGEANT,POLICE,F,Salary,,104628.0,
234,POLICE OFFICER,POLICE,F,Salary,,84054.0,
235,MOTOR TRUCK DRIVER,STREETS & SAN,F,Hourly,40.0,,36.45
236,POLICE OFFICER,POLICE,F,Salary,,48078.0,
237,POLICE OFFICER,POLICE,F,Salary,,48078.0,
238,POLICE OFFICER,POLICE,F,Salary,,96060.0,
239,POLICE OFFICER,POLICE,F,Salary,,87006.0,
240,POLICE OFFICER,POLICE,F,Salary,,90024.0,
241,POLICE OFFICER,POLICE,F,Salary,,84054.0,
242,ADMINISTRATIVE SERVICES OFFICER II,TRANSPORTN,F,Salary,,116280.0,
243,POLICE OFFICER,POLICE,F,Salary,,84054.0,
244,POLICE OFFICER (ASSIGNED AS DETECTIVE),POLICE,F,Salary,,103932.0,
245,POLICE OFFICER (ASSIGNED AS EVIDENCE TECHNICIAN),POLICE,F,Salary,,100980.0,
246,MOTOR TRUCK DRIVER,AVIATION,F,Hourly,40.0,,36.45
247,SERGEANT,POLICE,F,Salary,,101442.0,
248,SERGEANT,POLICE,F,Salary,,101442.0,
249,LOAD DISPATCHER,TRANSPORTN,F,Salary,,107952.0,
250,POLICE OFFICER,POLICE,F,Salary,,96060.0,
251,TITLE V PROGRAM TRAINEE I,FAMILY & SUPPORT,P,Hourly,20.0,,8.25
252,FIREFIGHTER-EMT (RECRUIT),FIRE,F,Salary,,56304.0,
253,STUDENT INTERN - MAYOR'S FELLOWS,MAYOR'S OFFICE,F,Hourly,35.0,,20.0
254,LIBRARIAN I,PUBLIC LIBRARY,F,Salary,,79836.0,
255,POLICE OFFICER,POLICE,F,Salary,,93354.0,
256,FIRE ENGINEER-EMT,FIRE,F,Salary,,103350.0,
257,POLICE OFFICER,POLICE,F,Salary,,93354.0,
258,ASST DIR OF NEWS AFFAIRS,POLICE,F,Salary,,115656.0,
259,FIREFIGHTER-EMT,FIRE,F,Salary,,89148.0,
260,CAPTAIN-EMT,FIRE,F,Salary,,128826.0,
261,POLICE OFFICER,POLICE,F,Salary,,87006.0,
262,LABORER,AVIATION,F,Hourly,40.0,,37.09
263,POLICE OFFICER,POLICE,F,Salary,,72510.0,
264,POLICE OFFICER,POLICE,F,Salary,,76266.0,
265,CHIEF PROGRAMMER/ANALYST,WATER MGMNT,F,Salary,,133644.0,
266,PARKING ENFORCEMENT AIDE,FINANCE,F,Salary,,58644.0,
267,POLICE OFFICER,POLICE,F,Salary,,76266.0,
268,CHIEF VOUCHER EXPEDITER - EXCL,TRANSPORTN,F,Salary,,61776.0,
269,DEPUTY COMMISSIONER,AVIATION,F,Salary,,126504.0,
270,CRIMINAL HISTORY ANALYST,POLICE,F,Salary,,96564.0,
271,SENIOR RESEARCH ANALYST,PLANNING AND DEVELOPMENT,F,Salary,,88152.0,
272,DATA ENTRY OPERATOR,TRANSPORTN,F,Salary,,52800.0,
273,FIELD SERVICE SPECIALIST II,TRANSPORTN,F,Salary,,65892.0,
274,CHIEF AIRPORT OPERATIONS SUPVSR,AVIATION,F,Salary,,82788.0,
275,POLICE OFFICER,POLICE,F,Salary,,72510.0,
276,DIR OF INFORMATION SYSTEMS,FAMILY & SUPPORT,F,Salary,,110052.0,
277,POLICE OFFICER,POLICE,F,Salary,,90024.0,
278,POLICE OFFICER,POLICE,F,Salary,,93354.0,
279,LIBRARY CLERK - HOURLY,PUBLIC LIBRARY,P,Hourly,20.0,,16.87
280,PERSONAL COMPUTER OPERATOR I,POLICE,F,Salary,,57924.0,
281,PUBLIC HEALTH NURSE IV,HEALTH,F,Salary,,114948.0,
282,POLICE OFFICER,POLICE,F,Salary,,93354.0,
283,CUSTODIAL WORKER,AVIATION,F,Hourly,40.0,,14.6
284,CROSSING GUARD - PER CBA,OEMC,P,Hourly,20.0,,14.54
285,PROJECTS ADMINISTRATOR,FINANCE,F,Salary,,94800.0,
286,POLICE OFFICER,POLICE,F,Salary,,84054.0,
287,LIBRARIAN I,PUBLIC LIBRARY,F,Salary,,58956.0,
288,POLICE OFFICER,POLICE,F,Salary,,68616.0,
289,MOTOR TRUCK DRIVER,AVIATION,F,Hourly,40.0,,36.45
290,MOTOR TRUCK DRIVER,STREETS & SAN,F,Hourly,40.0,,36.45
291,POOL MOTOR TRUCK DRIVER,STREETS & SAN,F,Hourly,40.0,,36.45
292,PRINCIPAL CLERK-ELECTIONS,BOARD OF ELECTION,F,Salary,,69564.0,
293,FIREFIGHTER-EMT (RECRUIT),FIRE,F,Salary,,56304.0,
294,POLICE OFFICER/EXPLSV DETECT K9 HNDLR,POLICE,F,Salary,,100980.0,
295,FIREFIGHTER-EMT,FIRE,F,Salary,,95484.0,
296,POLICE OFFICER,POLICE,F,Salary,,76266.0,
297,POLICE OFFICER,POLICE,F,Salary,,93354.0,
298,OPERATING ENGINEER-GROUP A,FLEET & FACILITY MANAGEMENT,F,Hourly,40.0,,50.71
299,POLICE OFFICER (ASSIGNED AS DETECTIVE),POLICE,F,Salary,,94122.0,
300,WATER CHEMIST II,WATER MGMNT,F,Salary,,60120.0,
301,POLICE OFFICER,POLICE,F,Salary,,96060.0,
302,POLICE OFFICER,POLICE,F,Salary,,90024.0,
303,SANITATION LABORER,STREETS & SAN,F,Hourly,40.0,,39.98
304,MOTOR TRUCK DRIVER,TRANSPORTN,F,Hourly,40.0,,36.45
305,POLICE OFFICER,POLICE,F,Salary,,87006.0,
306,POLICE OFFICER (ASSIGNED AS EVIDENCE TECHNICIAN),POLICE,F,Salary,,91338.0,
307,PUBLIC HEALTH NUTRITIONIST I,HEALTH,F,Salary,,42528.0,
308,SANITATION CLERK,STREETS & SAN,F,Salary,,47628.0,
309,TRAFFIC CONTROL AIDE-HOURLY,OEMC,P,Hourly,20.0,,19.86
310,POLICE COMMUNICATIONS OPERATOR I,OEMC,F,Salary,,77520.0,
311,POLICE OFFICER,POLICE,F,Salary,,93354.0,
312,POLICE OFFICER,POLICE,F,Salary,,84054.0,
313,POLICE OFFICER,POLICE,F,Salary,,93354.0,
314,POLICE OFFICER,POLICE,F,Salary,,93354.0,
315,SENIOR COMPANION,FAMILY & SUPPORT,P,Hourly,20.0,,2.65
316,CHIEF VOUCHER EXPEDITER,FINANCE,F,Salary,,92136.0,
317,CIVIL ENGINEER IV,TRANSPORTN,F,Salary,,80628.0,
318,POLICE OFFICER (ASSIGNED AS DETECTIVE),POLICE,F,Salary,,103932.0,
319,POLICE OFFICER,POLICE,F,Salary,,90024.0,
320,POLICE OFFICER,POLICE,F,Salary,,84054.0,
321,POLICE OFFICER,POLICE,F,Salary,,90024.0,
322,POLICE OFFICER,POLICE,F,Salary,,90024.0,
323,ADMINISTRATIVE ASST III,FIRE,F,Salary,,76584.0,
324,PUBLIC HEALTH NURSE I,HEALTH,F,Salary,,97320.0,
325,LOAN PROCESSING OFFICER,HOUSING,F,Salary,,84024.0,
326,POLICE OFFICER,POLICE,F,Salary,,87006.0,
327,POLICE OFFICER,POLICE,F,Salary,,72510.0,
328,POLICE OFFICER,POLICE,F,Salary,,80016.0,
329,FIREFIGHTER-EMT,FIRE,F,Salary,,89148.0,
330,PUBLIC HEALTH NUTRITIONIST III,HEALTH,F,Salary,,72840.0,
331,LIBRARY ASSOCIATE,PUBLIC LIBRARY,F,Salary,,51060.0,
332,FIREFIGHTER-EMT,FIRE,F,Salary,,92274.0,
333,COORDINATING FIRE COMMUNICATIONS OPERATOR,OEMC,F,Salary,,126672.0,
334,POLICE OFFICER,POLICE,F,Salary,,48078.0,
335,MOTOR TRUCK DRIVER,STREETS & SAN,F,Hourly,40.0,,36.45
336,POLICE OFFICER (ASSIGNED AS DETECTIVE),POLICE,F,Salary,,91080.0,
337,FIREFIGHTER/PARAMEDIC,FIRE,F,Salary,,82812.0,
338,SHEET METAL WORKER,FLEET & FACILITY MANAGEMENT,F,Hourly,40.0,,44.25
339,POLICE OFFICER,POLICE,F,Salary,,80016.0,
340,MACHINIST (AUTOMOTIVE),FLEET & FACILITY MANAGEMENT,F,Hourly,40.0,,48.38
341,POLICE OFFICER / FLD TRNG OFFICER,POLICE,F,Salary,,91338.0,
342,POLICE OFFICER,POLICE,F,Salary,,48078.0,
343,FIRE ENGINEER-EMT,FIRE,F,Salary,,107106.0,
344,TITLE V PROGRAM TRAINEE I,FAMILY & SUPPORT,P,Hourly,20.0,,8.25
345,DEPUTY COMMISSIONER,DISABILITIES,F,Salary,,104712.0,
346,POLICE OFFICER,POLICE,F,Salary,,90024.0,
347,CONSTRUCTION LABORER,WATER MGMNT,F,Hourly,40.0,,42.72
348,SANITATION LABORER,STREETS & SAN,F,Hourly,40.0,,37.76
349,CROSSING GUARD - PER CBA,OEMC,P,Hourly,20.0,,15.94
350,EQUIPMENT DISPATCHER,FLEET & FACILITY MANAGEMENT,F,Hourly,40.0,,37.09
351,STREET LIGHT REPAIR WORKER,TRANSPORTN,F,Salary,,107952.0,
352,ASST CORPORATION COUNSEL SUPVSR,LAW,F,Salary,,93960.0,
353,POLICE OFFICER,POLICE,F,Salary,,72510.0,
354,POLICE OFFICER,POLICE,F,Salary,,48078.0,
355,POLICE OFFICER,POLICE,F,Salary,,76266.0,
356,FIREFIGHTER-EMT,FIRE,F,Salary,,89148.0,
357,FIREFIGHTER-EMT (RECRUIT),FIRE,F,Salary,,56304.0,
358,POLICE OFFICER,POLICE,F,Salary,,87006.0,
359,LABORER - APPRENTICE,WATER MGMNT,F,Hourly,40.0,,38.45
360,POLICE OFFICER,POLICE,F,Salary,,87006.0,
361,PUBLIC HEALTH NURSE II,HEALTH,F,Salary,,102216.0,
362,POLICE OFFICER,POLICE,F,Salary,,93354.0,
363,TRAFFIC SIGNAL REPAIRMAN,TRANSPORTN,F,Salary,,107952.0,
364,POLICE OFFICER,POLICE,F,Salary,,87006.0,
365,POLICE OFFICER,POLICE,F,Salary,,90024.0,
366,CONSTRUCTION LABORER,WATER MGMNT,F,Hourly,40.0,,42.72
367,LIEUTENANT,POLICE,F,Salary,,120252.0,
368,SERGEANT,POLICE,F,Salary,,107988.0,
369,SANITATION CLERK,STREETS & SAN,F,Salary,,69780.0,
370,POLICE OFFICER,POLICE,F,Salary,,48078.0,
371,LIEUTENANT-EMT,FIRE,F,Salary,,117996.0,
372,POLICE OFFICER,POLICE,F,Salary,,90024.0,
373,OPERATING ENGINEER-GROUP C,AVIATION,F,Hourly,40.0,,48.17
374,POLICE OFFICER / FLD TRNG OFFICER,POLICE,F,Salary,,88296.0,
375,POLICE OFFICER,POLICE,F,Salary,,80016.0,
376,SENIOR CLERK-ELECTIONS,BOARD OF ELECTION,F,Salary,,33180.0,
377,POLICE OFFICER,POLICE,F,Salary,,48078.0,
378,TESTING SPECIALIST,HUMAN RESOURCES,F,Salary,,75408.0,
379,POLICE OFFICER,POLICE,F,Salary,,93354.0,
380,FIREFIGHTER-EMT,FIRE,F,Salary,,92274.0,
381,FOREMAN OF WATER PIPE CONSTRUCTION,WATER MGMNT,F,Hourly,40.0,,53.25
382,FILTRATION ENGINEER II,WATER MGMNT,F,Salary,,68256.0,
383,PROPERTY CUSTODIAN,POLICE,F,Salary,,73104.0,
384,POLICE OFFICER,POLICE,F,Salary,,72510.0,
385,AIRPORT MANAGER - O'HARE,AVIATION,F,Salary,,91092.0,
386,FIREFIGHTER-EMT,FIRE,F,Salary,,89148.0,
387,POLICE TECHNICIAN,POLICE,F,Salary,,91338.0,
388,LIEUTENANT,POLICE,F,Salary,,127692.0,
389,TRAFFIC CONTROL AIDE-HOURLY,OEMC,P,Hourly,20.0,,19.86
390,POOL MOTOR TRUCK DRIVER,STREETS & SAN,F,Hourly,40.0,,36.45
391,LABORER,TRANSPORTN,F,Hourly,40.0,,42.72
392,DEPUTY CHIEF,POLICE,F,Salary,,170112.0,
393,POLICE OFFICER,POLICE,F,Salary,,87006.0,
394,POLICE OFFICER,POLICE,F,Salary,,93354.0,
395,POLICE OFFICER,POLICE,F,Salary,,48078.0,
396,CROSSING GUARD,OEMC,P,Hourly,20.0,,19.38
397,DETENTION AIDE,POLICE,F,Salary,,73992.0,
398,POLICE OFFICER,POLICE,F,Salary,,48078.0,
399,AMBULANCE COMMANDER,FIRE,F,Salary,,128970.0,
400,POLICE OFFICER,POLICE,F,Salary,,93354.0,
401,PLUMBER,FLEET & FACILITY MANAGEMENT,F,Hourly,40.0,,50.25
402,POLICE OFFICER,POLICE,F,Salary,,96060.0,
403,POLICE OFFICER,POLICE,F,Salary,,90024.0,
404,CROSSING GUARD,OEMC,P,Hourly,20.0,,18.52
405,SANITATION LABORER,STREETS & SAN,F,Hourly,40.0,,37.76
406,POOL MOTOR TRUCK DRIVER,AVIATION,P,Hourly,10.0,,29.16
407,CEMENT FINISHER,TRANSPORTN,F,Hourly,40.0,,45.25
408,FOSTER GRANDPARENT,FAMILY & SUPPORT,P,Hourly,20.0,,2.65
409,PARKING ENFORCEMENT AIDE,FINANCE,F,Salary,,51012.0,
410,CROSSING GUARD - PER CBA,OEMC,P,Hourly,20.0,,14.54
411,LABORER - APPRENTICE,WATER MGMNT,F,Hourly,40.0,,29.9
412,CROSSING GUARD,OEMC,P,Hourly,20.0,,21.3
413,POLICE OFFICER,POLICE,F,Salary,,87006.0,
414,FIELD SUPVSR,TRANSPORTN,F,Salary,,116244.0,
415,LIBRARIAN I,PUBLIC LIBRARY,F,Salary,,71760.0,
416,POLICE OFFICER,POLICE,F,Salary,,48078.0,
417,SANITATION LABORER,STREETS & SAN,F,Hourly,40.0,,37.76
418,RECRUITER,HUMAN RESOURCES,F,Salary,,91248.0,
419,POLICE OFFICER,POLICE,F,Salary,,93354.0,
420,ENGINEERING TECHNICIAN III,TRANSPORTN,F,Salary,,43920.0,
421,POLICE OFFICER,POLICE,F,Salary,,84054.0,
422,FIREFIGHTER-EMT (RECRUIT),FIRE,F,Salary,,76266.0,
423,POLICE OFFICER,POLICE,F,Salary,,93354.0,
424,POLICE OFFICER,POLICE,F,Salary,,87006.0,
425,POLICE OFFICER,POLICE,F,Salary,,90024.0,
426,AVIATION SECURITY OFFICER,AVIATION,F,Salary,,85056.0,
427,SUPERVISING VIDEOGRAPHER,BUSINESS AFFAIRS,F,Salary,,83628.0,
428,HOISTING ENGINEER,WATER MGMNT,F,Hourly,40.0,,51.1
429,POLICE OFFICER (ASSIGNED AS DETECTIVE),POLICE,F,Salary,,103932.0,
430,CROSSING GUARD,OEMC,P,Hourly,20.0,,18.52
431,POLICE OFFICER,POLICE,F,Salary,,96060.0,
432,CUSTODIAL WORKER,AVIATION,F,Hourly,40.0,,18.0
433,POLICE OFFICER,POLICE,F,Salary,,90024.0,
434,FIREFIGHTER-EMT,FIRE,F,Salary,,92274.0,
435,POLICE OFFICER,POLICE,F,Salary,,90024.0,
436,POLICE OFFICER,POLICE,F,Salary,,87006.0,
437,FILTRATION ENGINEER IV,WATER MGMNT,F,Salary,,114780.0,
438,POLICE OFFICER,POLICE,F,Salary,,72510.0,
439,CIVIL ENGINEER IV,TRANSPORTN,F,Salary,,80628.0,
440,CROSSING GUARD,OEMC,P,Hourly,20.0,,19.38
441,CONSTRUCTION LABORER,WATER MGMNT,F,Hourly,40.0,,42.72
442,POLICE OFFICER,POLICE,F,Salary,,93354.0,
443,OPERATING ENGINEER-GROUP A,AVIATION,F,Hourly,40.0,,50.71
444,POLICE OFFICER,POLICE,F,Salary,,68616.0,
445,CROSSING GUARD - PER CBA,OEMC,P,Hourly,20.0,,13.94
446,COMMUNICABLE DISEASE CONTROL INVESTIGATOR II,HEALTH,F,Salary,,76584.0,
447,POLICE COMMUNICATIONS OPERATOR II,OEMC,F,Salary,,55260.0,
448,SANITATION LABORER,STREETS & SAN,F,Hourly,40.0,,37.76
449,POLICE OFFICER,POLICE,F,Salary,,87006.0,
450,MANAGER OF POLICE PAYROLLS,POLICE,F,Salary,,105756.0,
451,SERGEANT,POLICE,F,Salary,,107988.0,
452,POLICE OFFICER,POLICE,F,Salary,,76266.0,
453,POLICE OFFICER,POLICE,F,Salary,,72510.0,
454,CONSTRUCTION LABORER,WATER MGMNT,F,Hourly,40.0,,42.72
455,SENIOR TELECOMMUNICATIONS SPECIALIST,DoIT,F,Salary,,111024.0,
456,DEPUTY COMMISSIONER,BUSINESS AFFAIRS,F,Salary,,110052.0,
457,FIRE ENGINEER-EMT,FIRE,F,Salary,,110214.0,
458,CEMENT FINISHER,TRANSPORTN,F,Hourly,40.0,,45.25
459,OPERATING ENGINEER-GROUP A,WATER MGMNT,F,Hourly,40.0,,50.71
460,AMBULANCE COMMANDER,FIRE,F,Salary,,121452.0,
461,WARRANT AND EXTRADITION AIDE,POLICE,F,Salary,,73104.0,
462,EXPLOSIVES TECHNICIAN I,POLICE,F,Salary,,111252.0,
463,POOL MOTOR TRUCK DRIVER,STREETS & SAN,F,Hourly,40.0,,36.45
464,DISABILITY SPECIALIST II,DISABILITIES,F,Salary,,88152.0,
465,FIRE ENGINEER-EMT,FIRE,F,Salary,,107106.0,
466,SUPERVISING WATCHMAN,FLEET & FACILITY MANAGEMENT,F,Hourly,40.0,,27.45
467,SERGEANT,POLICE,F,Salary,,111474.0,
468,POLICE OFFICER / FLD TRNG OFFICER,POLICE,F,Salary,,94524.0,
469,POLICE COMMUNICATIONS OPERATOR I,OEMC,F,Salary,,55260.0,
470,PARAMEDIC,FIRE,F,Salary,,68616.0,
471,FIREFIGHTER-EMT,FIRE,F,Salary,,95484.0,
472,POLICE OFFICER,POLICE,F,Salary,,80016.0,
473,TRAFFIC CONTROL AIDE-HOURLY,OEMC,P,Hourly,20.0,,19.86
474,POLICE ADMINISTRATIVE CLERK,POLICE,F,Salary,,43428.0,
475,POLICE OFFICER,POLICE,F,Salary,,96060.0,
476,POLICE OFFICER,POLICE,F,Salary,,96060.0,
477,SERGEANT,POLICE,F,Salary,,107988.0,
478,ALDERMANIC AIDE,CITY COUNCIL,P,Hourly,20.0,,18.15
479,SERGEANT,POLICE,F,Salary,,104628.0,
480,SERGEANT,POLICE,F,Salary,,111474.0,
481,STAFF ASST,FINANCE,F,Salary,,96564.0,
482,FIREFIGHTER-EMT (RECRUIT),FIRE,F,Salary,,76266.0,
483,POLICE OFFICER (ASSIGNED AS DETECTIVE),POLICE,F,Salary,,103932.0,
484,POLICE OFFICER,POLICE,F,Salary,,96060.0,
485,ACCOUNTANT IV,FINANCE,F,Salary,,105108.0,
486,TRAFFIC CONTROL AIDE-HOURLY,OEMC,P,Hourly,20.0,,19.86
487,ADMINISTRATIVE ASST II,AVIATION,F,Salary,,66612.0,
488,CROSSING GUARD - PER CBA,OEMC,P,Hourly,20.0,,13.94
489,CROSSING GUARD,OEMC,P,Hourly,20.0,,22.36
490,POLICE OFFICER,POLICE,F,Salary,,68616.0,
491,SANITATION LABORER,STREETS & SAN,F,Hourly,40.0,,37.76
492,PARAMEDIC I/C,FIRE,F,Salary,,94122.0,
493,DIR OF ADMINISTRATIVE SERVICES,COPA,F,Salary,,82476.0,
494,FIREFIGHTER-EMT,FIRE,F,Salary,,95484.0,
495,PAYMENT SERVICES REPRESENTATIVE,CITY CLERK,F,Salary,,40020.0,
496,CROSSING GUARD,OEMC,P,Hourly,20.0,,19.38
497,LIBRARY ASSOCIATE,PUBLIC LIBRARY,F,Salary,,47040.0,
498,BRIDGE OPERATOR,TRANSPORTN,F,Salary,,73068.0,
499,POLICE OFFICER,POLICE,F,Salary,,90024.0,
500,POLICE OFFICER,POLICE,F,Salary,,96060.0,
501,POLICE OFFICER,POLICE,F,Salary,,90024.0,
502,MOTOR TRUCK DRIVER,STREETS & SAN,F,Hourly,40.0,,36.45
503,MOTOR TRUCK DRIVER,WATER MGMNT,F,Hourly,40.0,,36.45
504,LIBRARY CLERK,PUBLIC LIBRARY,F,Salary,,50388.0,
505,AIRPORT MAINTENANCE FOREMAN,AVIATION,F,Hourly,40.0,,38.09
506,TRAFFIC CONTROL AIDE-HOURLY,OEMC,P,Hourly,20.0,,19.86
507,ADMINISTRATIVE ASST II,BUILDINGS,F,Salary,,73104.0,
508,POLICE OFFICER,POLICE,F,Salary,,87006.0,
509,POLICE OFFICER,POLICE,F,Salary,,48078.0,
510,POOL MOTOR TRUCK DRIVER,STREETS & SAN,F,Hourly,40.0,,36.45
511,SANITATION LABORER,STREETS & SAN,F,Hourly,40.0,,37.76
512,ANIMAL CONTROL OFFICER,ANIMAL CONTRL,F,Salary,,70644.0,
513,SANITATION LABORER,STREETS & SAN,F,Hourly,40.0,,37.76
514,ASST DEPUTY CHIEF PARAMEDIC,FIRE,F,Salary,,162240.0,
515,SERGEANT,POLICE,F,Salary,,111474.0,
516,ADMINISTRATIVE ASST III,PUBLIC LIBRARY,F,Salary,,88044.0,
517,GENERAL LABORER - DSS,STREETS & SAN,F,Hourly,40.0,,25.19
518,SANITATION LABORER,STREETS & SAN,F,Hourly,40.0,,37.76
519,POLICE OFFICER,POLICE,F,Salary,,76266.0,
520,LIEUTENANT-EMT,FIRE,F,Salary,,117996.0,
521,ASST TO THE ALDERMAN,CITY COUNCIL,F,Salary,,82440.0,
522,ANIMAL CONTROL OFFICER,ANIMAL CONTRL,F,Salary,,64392.0,
523,OPERATING ENGINEER-GROUP A,WATER MGMNT,F,Hourly,40.0,,50.71
524,LIEUTENANT-EMT,FIRE,F,Salary,,117996.0,
525,MOTOR TRUCK DRIVER,AVIATION,F,Hourly,40.0,,36.45
526,POLICE OFFICER,POLICE,F,Salary,,84054.0,
527,POLICE OFFICER,POLICE,F,Salary,,87006.0,
528,AVIATION SECURITY OFFICER,AVIATION,F,Salary,,64392.0,
529,HOISTING ENGINEER,WATER MGMNT,F,Hourly,40.0,,51.1
530,POLICE OFFICER,POLICE,F,Salary,,90024.0,
531,DETENTION AIDE,POLICE,F,Salary,,48072.0,
532,AUDITOR II,FINANCE,F,Salary,,96360.0,
533,POLICE OFFICER,POLICE,F,Salary,,96060.0,
534,SUPERVISING CLERK,FINANCE,F,Salary,,88044.0,
535,POLICE OFFICER,POLICE,F,Salary,,48078.0,
536,POLICE OFFICER,POLICE,F,Salary,,48078.0,
537,ADMINISTRATIVE ASST III,OEMC,F,Salary,,80232.0,
538,PUBLIC HEALTH ADMINISTRATOR III,HEALTH,F,Salary,,105948.0,
539,POLICE OFFICER,POLICE,F,Salary,,90024.0,
540,POLICE OFFICER,POLICE,F,Salary,,93354.0,
541,POLICE OFFICER,POLICE,F,Salary,,80016.0,
542,PAYROLL ADMINISTRATOR,FINANCE,F,Salary,,110436.0,
543,FILTRATION ENGINEER II,WATER MGMNT,F,Salary,,68256.0,
544,POLICE OFFICER,POLICE,F,Salary,,84054.0,
545,LIEUTENANT,FIRE,F,Salary,,114846.0,
546,ADMINISTRATIVE ASST III - EXCLUDED,PLANNING AND DEVELOPMENT,F,Salary,,46776.0,
547,SERGEANT,POLICE,F,Salary,,104628.0,
548,POLICE OFFICER,POLICE,F,Salary,,90024.0,
549,CIVIL ENGINEER III,WATER MGMNT,F,Salary,,73104.0,
550,POLICE OFFICER (ASSIGNED AS DETECTIVE),POLICE,F,Salary,,91080.0,
551,POLICE OFFICER (ASSIGNED AS EVIDENCE TECHNICIAN),POLICE,F,Salary,,100980.0,
552,POLICE OFFICER,POLICE,F,Salary,,48078.0,
553,POLICE OFFICER,POLICE,F,Salary,,68616.0,
554,BUILDING/CONSTRUCTION INSPECTOR,BUILDINGS,F,Salary,,87132.0,
555,POLICE OFFICER,POLICE,F,Salary,,72510.0,
556,FIREFIGHTER-EMT (RECRUIT),FIRE,F,Salary,,76266.0,
557,SERGEANT,POLICE,F,Salary,,104628.0,
558,MOTOR TRUCK DRIVER,STREETS & SAN,F,Hourly,40.0,,36.45
559,FIREFIGHTER-EMT,FIRE,F,Salary,,89148.0,
560,PARAMEDIC,FIRE,F,Salary,,84054.0,
561,SERGEANT,POLICE,F,Salary,,111474.0,
562,PAINTER,WATER MGMNT,F,Hourly,40.0,,46.55
563,COORDINATING PLANNER,TRANSPORTN,F,Salary,,99624.0,
564,LIBRARY CLERK - HOURLY,PUBLIC LIBRARY,P,Hourly,20.0,,16.87
565,SERGEANT,POLICE,F,Salary,,101442.0,
566,POLICE OFFICER (ASSIGNED AS DETECTIVE),POLICE,F,Salary,,100980.0,
567,COORD OF SPECIAL PROJECTS,BUSINESS AFFAIRS,F,Salary,,96096.0,
568,BUILDING/CONSTRUCTION INSPECTOR,BUILDINGS,F,Salary,,127536.0,
569,CONSTRUCTION LABORER,WATER MGMNT,F,Hourly,40.0,,42.72
570,ACCOUNTANT IV,FINANCE,F,Salary,,73104.0,
571,ADMINISTRATIVE ASST II,FAMILY & SUPPORT,F,Salary,,73104.0,
572,TESTING SPECIALIST,HUMAN RESOURCES,F,Salary,,75408.0,
573,ADMINISTRATIVE ASST II,LAW,F,Salary,,63600.0,
574,STAFF ASST,FAMILY & SUPPORT,F,Salary,,96564.0,
575,SERGEANT,POLICE,F,Salary,,104628.0,
576,POLICE OFFICER,POLICE,F,Salary,,80016.0,
577,POLICE OFFICER,POLICE,F,Salary,,87006.0,
578,POLICE OFFICER,POLICE,F,Salary,,87006.0,
579,POLICE OFFICER,POLICE,F,Salary,,84054.0,
580,CENTRAL VOUCHER COORDINATOR,FINANCE,F,Salary,,42120.0,
581,POLICE OFFICER,POLICE,F,Salary,,72510.0,
582,POLICE OFFICER,POLICE,F,Salary,,76266.0,
583,FIREFIGHTER-EMT (RECRUIT),FIRE,F,Salary,,56304.0,
584,DEPUTY DISTRICT CHIEF,FIRE,F,Salary,,162240.0,
585,POLICE OFFICER,POLICE,F,Salary,,48078.0,
586,POLICE OFFICER,POLICE,F,Salary,,72510.0,
587,POLICE OFFICER,POLICE,F,Salary,,87006.0,
588,ALDERMANIC AIDE,CITY COUNCIL,P,Hourly,20.0,,13.0
589,ENGINEERING TECHNICIAN VI,TRANSPORTN,F,Salary,,88044.0,
590,ASST DISTRICT SUPERINTENDENT,WATER MGMNT,F,Salary,,112839.96,
591,MOTOR TRUCK DRIVER,FLEET & FACILITY MANAGEMENT,F,Hourly,40.0,,36.45
592,POLICE OFFICER,POLICE,F,Salary,,93354.0,
593,POLICE OFFICER,POLICE,F,Salary,,72510.0,
594,POLICE OFFICER,POLICE,F,Salary,,87006.0,
595,POLICE OFFICER,POLICE,F,Salary,,76266.0,
596,SERGEANT,POLICE,F,Salary,,104628.0,
597,SANITATION LABORER,STREETS & SAN,F,Hourly,40.0,,39.98
598,POLICE OFFICER,POLICE,F,Salary,,90024.0,
599,POLICE OFFICER,POLICE,F,Salary,,48078.0,
600,POLICE OFFICER,POLICE,F,Salary,,48078.0,
601,POLICE OFFICER / FLD TRNG OFFICER,POLICE,F,Salary,,91338.0,
602,SHIFT SUPVSR OF AIRPORT GROUND TRANSPORTATION,AVIATION,F,Salary,,48960.0,
603,PARAMEDIC I/C,FIRE,F,Salary,,86748.0,
604,POLICE OFFICER,POLICE,F,Salary,,87006.0,
605,POLICE OFFICER,POLICE,F,Salary,,72510.0,
606,PARKING INVESTIGATOR,FINANCE,F,Salary,,79812.0,
607,POLICE OFFICER,POLICE,F,Salary,,48078.0,
608,POLICE OFFICER,POLICE,F,Salary,,68616.0,
609,SERGEANT,POLICE,F,Salary,,107988.0,
610,POLICE OFFICER,POLICE,F,Salary,,87006.0,
611,WEB AUTHOR,CITY CLERK,F,Salary,,79428.0,
612,LIBRARIAN III,PUBLIC LIBRARY,F,Salary,,75360.0,
613,PARAMEDIC,FIRE,F,Salary,,97386.0,
614,POLICE OFFICER,POLICE,F,Salary,,84054.0,
615,POLICE OFFICER,POLICE,F,Salary,,84054.0,
616,PARAMEDIC,FIRE,F,Salary,,68616.0,
617,ENGINEERING TECHNICIAN IV,TRANSPORTN,F,Salary,,65940.0,
618,POLICE OFFICER (ASSIGNED AS DETECTIVE),POLICE,F,Salary,,100980.0,
619,POLICE OFFICER,POLICE,F,Salary,,84054.0,
620,POLICE OFFICER,POLICE,F,Salary,,48078.0,
621,POLICE OFFICER,POLICE,F,Salary,,84054.0,
622,SERGEANT,POLICE,F,Salary,,104628.0,
623,POLICE OFFICER,POLICE,F,Salary,,80016.0,
624,POOL MOTOR TRUCK DRIVER,STREETS & SAN,F,Hourly,40.0,,36.45
625,POLICE OFFICER (ASSIGNED AS EVIDENCE TECHNICIAN),POLICE,F,Salary,,94524.0,
626,MOTOR TRUCK DRIVER,AVIATION,F,Hourly,40.0,,36.45
627,FIREFIGHTER-EMT (RECRUIT),FIRE,F,Salary,,56304.0,
628,POLICE OFFICER,POLICE,F,Salary,,84054.0,
629,SIGN HANGER,TRANSPORTN,F,Hourly,40.0,,33.63
630,LIEUTENANT-EMT,FIRE,F,Salary,,117996.0,
631,SANITATION LABORER,STREETS & SAN,F,Hourly,40.0,,37.76
632,POLICE OFFICER,POLICE,F,Salary,,84054.0,
633,WATER RATE TAKER,WATER MGMNT,F,Salary,,60108.0,
634,POOL MOTOR TRUCK DRIVER,STREETS & SAN,P,Hourly,10.0,,36.45
635,POLICE OFFICER,POLICE,F,Salary,,48078.0,
636,POLICE OFFICER,POLICE,F,Salary,,48078.0,
637,POLICE OFFICER,POLICE,F,Salary,,84054.0,
638,FIREFIGHTER/PARAMEDIC,FIRE,F,Salary,,82812.0,
639,POLICE OFFICER,POLICE,F,Salary,,76266.0,
640,CHIEF CONTRACT EXPEDITER,WATER MGMNT,F,Salary,,116280.0,
641,ADMINISTRATIVE ASST II,AVIATION,F,Salary,,57924.0,
642,MOTOR TRUCK DRIVER,STREETS & SAN,F,Hourly,40.0,,36.45
643,POOL MOTOR TRUCK DRIVER,AVIATION,F,Hourly,40.0,,36.45
644,POLICE OFFICER,POLICE,F,Salary,,68616.0,
645,SERGEANT,POLICE,F,Salary,,111474.0,
646,POLICE OFFICER,POLICE,F,Salary,,84054.0,
647,SERGEANT,POLICE,F,Salary,,104628.0,
648,PERFORMANCE ANALYST,INSPECTOR GEN,F,Salary,,70140.0,
649,SERGEANT,POLICE,F,Salary,,111474.0,
650,POLICE OFFICER / FLD TRNG OFFICER,POLICE,F,Salary,,91338.0,
651,PARAMEDIC FIELD CHIEF,FIRE,F,Salary,,140970.0,
652,POLICE OFFICER,POLICE,F,Salary,,48078.0,
653,POLICE OFFICER,POLICE,F,Salary,,68616.0,
654,FIREFIGHTER-EMT (RECRUIT),FIRE,F,Salary,,76266.0,
655,BUILDING/CONSTRUCTION INSPECTOR,BUILDINGS,F,Salary,,101148.0,
656,SANITATION LABORER,STREETS & SAN,F,Hourly,40.0,,37.76
657,POLICE OFFICER,POLICE,F,Salary,,68616.0,
658,POLICE OFFICER,POLICE,F,Salary,,80016.0,
659,POLICE OFFICER,POLICE,F,Salary,,68616.0,
660,POLICE OFFICER,POLICE,F,Salary,,68616.0,
661,ASST TO THE COMMISSIONER,PROCUREMENT,F,Salary,,63852.0,
662,POLICE OFFICER,POLICE,F,Salary,,68616.0,
663,POLICE OFFICER,POLICE,F,Salary,,76266.0,
664,POLICE OFFICER,POLICE,F,Salary,,80016.0,
665,MOTOR TRUCK DRIVER,FLEET & FACILITY MANAGEMENT,F,Hourly,40.0,,36.45
666,POLICE OFFICER,POLICE,F,Salary,,93354.0,
667,PUBLIC HEALTH ADMINISTRATOR II,HEALTH,F,Salary,,92136.0,
668,DIR OF FACILITIES MANAGEMENT,POLICE,F,Salary,,114528.0,
669,POLICE OFFICER,POLICE,F,Salary,,93354.0,
670,LEGISLATIVE AIDE,FINANCE,F,Salary,,29208.0,
671,POLICE OFFICER,POLICE,F,Salary,,48078.0,
672,CLERK - BD OF ELECTIONS,BOARD OF ELECTION,F,Salary,,31584.0,
673,PERSONAL COMPUTER OPERATOR II,WATER MGMNT,F,Salary,,66612.0,
674,MOTOR TRUCK DRIVER,TRANSPORTN,F,Hourly,40.0,,36.45
675,POLICE OFFICER (ASSIGNED AS EVIDENCE TECHNICIAN),POLICE,F,Salary,,98052.0,
676,POLICE OFFICER (ASSIGNED AS DETECTIVE),POLICE,F,Salary,,97440.0,
677,POLICE OFFICER (ASSIGNED AS DETECTIVE),POLICE,F,Salary,,103932.0,
678,FIREFIGHTER-EMT (RECRUIT),FIRE,F,Salary,,56304.0,
679,POLICE OFFICER (ASSIGNED AS DETECTIVE),POLICE,F,Salary,,94122.0,
680,FIREFIGHTER-EMT,FIRE,F,Salary,,92274.0,
681,FIREFIGHTER-EMT,FIRE,F,Salary,,84870.0,
682,POLICE OFFICER (ASSIGNED AS DETECTIVE),POLICE,F,Salary,,103932.0,
683,DIR OF INFORMATION SYSTEMS,DoIT,F,Salary,,122496.0,
684,POLICE OFFICER,POLICE,F,Salary,,72510.0,
685,FIREFIGHTER (PER ARBITRATORS AWARD)-PARAMEDIC,FIRE,F,Salary,,112854.0,
686,FIREFIGHTER-EMT,FIRE,F,Salary,,89148.0,
687,ASST CHIEF AIRPORT OPERATIONS SUPVSR,AVIATION,F,Salary,,116244.0,
688,FIREFIGHTER/PARAMEDIC,FIRE,F,Salary,,78738.0,
689,FRM OF ELECTRICAL MECHANICS (AUTO),FLEET & FACILITY MANAGEMENT,F,Hourly,40.0,,51.35
690,DEPUTY MANAGING EDITOR COUNCIL JOURNAL,CITY CLERK,F,Salary,,110436.0,
691,OPERATING ENGINEER-GROUP A,WATER MGMNT,F,Hourly,40.0,,50.71
692,POLICE OFFICER,POLICE,F,Salary,,93354.0,
693,POLICE OFFICER,POLICE,F,Salary,,87006.0,
694,SERGEANT,POLICE,F,Salary,,104628.0,
695,MOTOR TRUCK DRIVER,WATER MGMNT,F,Hourly,40.0,,36.45
696,FIREFIGHTER (PER ARBITRATORS AWARD)-EMT,FIRE,F,Salary,,107106.0,
697,ASST CORPORATION COUNSEL SUPVSR,LAW,F,Salary,,130020.0,
698,POLICE OFFICER,POLICE,F,Salary,,80016.0,
699,POLICE OFFICER,POLICE,F,Salary,,90024.0,
700,POLICE OFFICER,POLICE,F,Salary,,93354.0,
701,BUILDING/CONSTRUCTION INSPECTOR,BUILDINGS,F,Salary,,101148.0,
702,PARKING ENFORCEMENT AIDE,FINANCE,F,Salary,,58644.0,
703,PARKING INVESTIGATOR,FINANCE,F,Salary,,70608.0,
704,POLICE OFFICER,POLICE,F,Salary,,72510.0,
705,POLICE OFFICER,POLICE,F,Salary,,90024.0,
706,DETENTION AIDE,POLICE,F,Salary,,70644.0,
707,CLERK III,HEALTH,F,Salary,,60744.0,
708,POLICE OFFICER,POLICE,F,Salary,,84054.0,
709,PARAMEDIC I/C,FIRE,F,Salary,,78792.0,
710,POLICE OFFICER (ASSIGNED AS CANINE HANDLER),POLICE,F,Salary,,91338.0,
711,ADMINISTRATIVE SERVICES OFFICER II,POLICE,F,Salary,,116280.0,
712,MACHINIST (AUTOMOTIVE),FLEET & FACILITY MANAGEMENT,F,Hourly,40.0,,48.38
713,TREE TRIMMER,STREETS & SAN,F,Hourly,40.0,,38.86
714,FILTRATION ENGINEER V,WATER MGMNT,F,Salary,,118764.0,
715,POLICE COMMUNICATIONS OPERATOR I,OEMC,F,Salary,,55260.0,
716,POLICE OFFICER,POLICE,F,Salary,,72510.0,
717,POLICE OFFICER,POLICE,F,Salary,,84054.0,
718,POLICE OFFICER,POLICE,F,Salary,,68616.0,
719,AIRPORT OPERATIONS SUPVSR II,AVIATION,F,Salary,,92100.0,
720,POLICE OFFICER,POLICE,F,Salary,,76266.0,
721,POLICE OFFICER,POLICE,F,Salary,,84054.0,
722,POLICE OFFICER,POLICE,F,Salary,,87006.0,
723,POLICE OFFICER,POLICE,F,Salary,,72510.0,
724,PARKING ENFORCEMENT AIDE,FINANCE,F,Salary,,39924.0,
725,SERGEANT,POLICE,F,Salary,,107988.0,
726,FIRE COMMUNICATIONS OPERATOR II,OEMC,F,Salary,,99828.0,
727,WATER CHEMIST II,WATER MGMNT,F,Salary,,88152.0,
728,POLICE OFFICER (ASGND AS MOUNTED PATROL OFFICER),POLICE,F,Salary,,98052.0,
729,POLICE OFFICER,POLICE,F,Salary,,87006.0,
730,POOL MOTOR TRUCK DRIVER,AVIATION,F,Hourly,40.0,,36.45
731,POLICE OFFICER (ASSIGNED AS DETECTIVE),POLICE,F,Salary,,97440.0,
732,MOTOR TRUCK DRIVER,AVIATION,F,Hourly,40.0,,36.45
733,LIEUTENANT,POLICE,F,Salary,,127692.0,
734,FIRE ENGINEER-EMT,FIRE,F,Salary,,103350.0,
735,FIRE ENGINEER,FIRE,F,Salary,,100980.0,
736,POLICE OFFICER,POLICE,F,Salary,,72510.0,
737,MOTOR TRUCK DRIVER,STREETS & SAN,F,Hourly,40.0,,36.45
738,MOTOR TRUCK DRIVER,STREETS & SAN,F,Hourly,40.0,,37.0
739,POLICE OFFICER,POLICE,F,Salary,,68616.0,
740,COMPLIANCE OFFICER,INSPECTOR GEN,F,Salary,,72120.0,
741,MOTOR TRUCK DRIVER,AVIATION,F,Hourly,40.0,,36.45
742,ASST CORPORATION COUNSEL III,LAW,F,Salary,,74508.0,
743,MOTOR TRUCK DRIVER,WATER MGMNT,F,Hourly,40.0,,36.45
744,POLICE OFFICER,POLICE,F,Salary,,84054.0,
745,LIBRARY PAGE,PUBLIC LIBRARY,P,Hourly,20.0,,13.8
746,CROSSING GUARD - PER CBA,OEMC,P,Hourly,20.0,,14.54
747,POLICE OFFICER (ASSIGNED AS DETECTIVE),POLICE,F,Salary,,103932.0,
748,DEPUTY DIR,POLICE,F,Salary,,144204.0,
749,HEAD LIBRARY CLERK,PUBLIC LIBRARY,F,Salary,,73104.0,
750,POLICE OFFICER,POLICE,F,Salary,,90024.0,
751,POLICE OFFICER,POLICE,F,Salary,,90024.0,
752,POLICE OFFICER,POLICE,F,Salary,,84054.0,
753,MANAGER OF FLEET SERVICES,FLEET & FACILITY MANAGEMENT,F,Salary,,99516.0,
754,ACCOUNTANT III,FAMILY & SUPPORT,F,Salary,,96360.0,
755,PROJECTS ADMINISTRATOR,BUILDINGS,F,Salary,,97668.0,
756,SEWER BRICKLAYER,WATER MGMNT,F,Hourly,40.0,,46.19
757,POLICE OFFICER,POLICE,F,Salary,,87006.0,
758,CHIEF PROGRAMMER/ANALYST,DoIT,F,Salary,,133644.0,
759,POLICE OFFICER (ASSIGNED AS DETECTIVE),POLICE,F,Salary,,97440.0,
760,MOTOR TRUCK DRIVER,STREETS & SAN,F,Hourly,40.0,,36.45
761,POLICE OFFICER,POLICE,F,Salary,,93354.0,
762,CROSSING GUARD,OEMC,P,Hourly,20.0,,20.31
763,ASST DISTRICT SUPERINTENDENT,WATER MGMNT,F,Salary,,112839.96,
764,PROJECT MANAGER,AVIATION,F,Salary,,83292.0,
765,POLICE OFFICER,POLICE,F,Salary,,87006.0,
766,POLICE OFFICER,POLICE,F,Salary,,48078.0,
767,LIEUTENANT-EMT,FIRE,F,Salary,,114324.0,
768,SR PROCUREMENT SPECIALIST,PROCUREMENT,F,Salary,,100668.0,
769,TRAFFIC CONTROL AIDE-HOURLY,OEMC,P,Hourly,20.0,,19.86
770,COORDINATING ENGINEER I,TRANSPORTN,F,Salary,,108960.0,
771,LIBRARIAN I,PUBLIC LIBRARY,F,Salary,,79836.0,
772,POLICE OFFICER,POLICE,F,Salary,,87006.0,
773,PUBLIC HEALTH ADMINISTRATOR III,HEALTH,F,Salary,,96564.0,
774,MACHINIST (AUTOMOTIVE),FLEET & FACILITY MANAGEMENT,F,Hourly,40.0,,48.38
775,POOL MOTOR TRUCK DRIVER,AVIATION,F,Hourly,40.0,,36.45
776,ASST CORPORATION COUNSEL I,LAW,F,Salary,,67908.0,
777,ASST CHIEF OPERATING ENGINEER,WATER MGMNT,F,Hourly,40.0,,55.78
778,FIREFIGHTER/PARAMEDIC,FIRE,F,Salary,,94476.0,
779,POLICE OFFICER (ASSIGNED AS DETECTIVE),POLICE,F,Salary,,103932.0,
780,POLICE OFFICER,POLICE,F,Salary,,76266.0,
781,POLICE OFFICER,POLICE,F,Salary,,48078.0,
782,POLICE OFFICER,POLICE,F,Salary,,48078.0,
783,POLICE OFFICER,POLICE,F,Salary,,96060.0,
784,SUPPORT SERVICES COORD,FAMILY & SUPPORT,F,Salary,,76584.0,
785,FIREFIGHTER-EMT,FIRE,F,Salary,,92274.0,
786,LEGISLATIVE AIDE,CITY COUNCIL,F,Salary,,55104.0,
787,FIREFIGHTER,FIRE,F,Salary,,90024.0,
788,CONSTRUCTION LABORER,WATER MGMNT,F,Hourly,40.0,,42.72
789,FIREFIGHTER-EMT,FIRE,F,Salary,,103272.0,
790,POLICE OFFICER,POLICE,F,Salary,,68616.0,
791,CAPTAIN,POLICE,F,Salary,,136170.0,
792,GENERAL LABORER - DSS,STREETS & SAN,F,Hourly,40.0,,23.05
793,POLICE OFFICER,POLICE,F,Salary,,93354.0,
794,CHIEF PERFORMANCE ANALYST,INSPECTOR GEN,F,Salary,,104712.0,
795,SENIOR BUSINESS CONSULTANT,BUSINESS AFFAIRS,F,Salary,,76164.0,
796,OPERATING ENGINEER-GROUP A,WATER MGMNT,F,Hourly,40.0,,50.71
797,CONCRETE LABORER,TRANSPORTN,F,Hourly,40.0,,42.72
798,MOTOR TRUCK DRIVER,STREETS & SAN,F,Hourly,40.0,,36.45
799,ELECTRICAL MECHANIC,TRANSPORTN,F,Hourly,40.0,,48.35
800,POLICE OFFICER,POLICE,F,Salary,,93354.0,
801,POLICE OFFICER,POLICE,F,Salary,,68616.0,
802,SERGEANT,POLICE,F,Salary,,104628.0,
803,POLICE OFFICER,POLICE,F,Salary,,84054.0,
804,HOISTING ENGINEER,WATER MGMNT,F,Hourly,40.0,,51.1
805,FIREFIGHTER,FIRE,F,Salary,,87006.0,
806,MOTOR TRUCK DRIVER,WATER MGMNT,F,Hourly,40.0,,36.45
807,POOL MOTOR TRUCK DRIVER,STREETS & SAN,F,Hourly,40.0,,36.45
808,ADMINISTRATIVE ASST II,HEALTH,F,Salary,,73104.0,
809,PROJECT COORD,FAMILY & SUPPORT,F,Salary,,83628.0,
810,PROPERTY CUSTODIAN - AUTO POUND,STREETS & SAN,F,Salary,,47652.0,
811,SERGEANT,POLICE,F,Salary,,104628.0,
812,POLICE AGENT,POLICE,F,Salary,,98052.0,
813,FOSTER GRANDPARENT,FAMILY & SUPPORT,P,Hourly,20.0,,2.65
814,SANITATION LABORER,STREETS & SAN,F,Hourly,40.0,,37.76
815,LIBRARIAN III,PUBLIC LIBRARY,F,Salary,,96360.0,
816,SERGEANT,POLICE,F,Salary,,104628.0,
817,CROSSING GUARD - PER CBA,OEMC,P,Hourly,20.0,,14.54
818,CROSSING GUARD - PER CBA,OEMC,P,Hourly,20.0,,15.22
819,OPERATING ENGINEER-GROUP A,WATER MGMNT,F,Hourly,40.0,,50.71
820,SANITATION LABORER,STREETS & SAN,F,Hourly,40.0,,37.76
821,PUBLIC HEALTH ADMINISTRATOR III,HEALTH,F,Salary,,83172.0,
822,POLICE OFFICER,POLICE,F,Salary,,93354.0,
823,EMERGENCY CREW DISPATCHER,WATER MGMNT,F,Hourly,40.0,,42.72
824,AVIATION SECURITY OFFICER,AVIATION,F,Salary,,73992.0,
825,POLICE OFFICER,POLICE,F,Salary,,68616.0,
826,AMBULANCE COMMANDER,FIRE,F,Salary,,128970.0,
827,POLICE OFFICER,POLICE,F,Salary,,93354.0,
828,POLICE OFFICER,POLICE,F,Salary,,96060.0,
829,POLICE OFFICER,POLICE,F,Salary,,90024.0,
830,POLICE OFFICER (ASSIGNED AS DETECTIVE),POLICE,F,Salary,,97440.0,
831,FIREFIGHTER-EMT,FIRE,F,Salary,,95484.0,
832,POLICE OFFICER,POLICE,F,Salary,,90024.0,
833,POLICE OFFICER,POLICE,F,Salary,,87006.0,
834,POLICE OFFICER,POLICE,F,Salary,,72510.0,
835,POLICE OFFICER,POLICE,F,Salary,,96060.0,
836,POLICE OFFICER,POLICE,F,Salary,,68616.0,
837,POLICE OFFICER,POLICE,F,Salary,,76266.0,
838,LIEUTENANT,FIRE,F,Salary,,114846.0,
839,MOTOR TRUCK DRIVER,STREETS & SAN,F,Hourly,40.0,,36.45
840,POLICE OFFICER,POLICE,F,Salary,,48078.0,
841,POLICE OFFICER (ASSIGNED AS DETECTIVE),POLICE,F,Salary,,103932.0,
842,LIBRARY ASSOCIATE,PUBLIC LIBRARY,F,Salary,,72480.0,
843,POLICE OFFICER,POLICE,F,Salary,,93354.0,
844,SERGEANT,POLICE,F,Salary,,111474.0,
845,POLICE OFFICER,POLICE,F,Salary,,84054.0,
846,SENIOR BUSINESS CONSULTANT,BUSINESS AFFAIRS,F,Salary,,76164.0,
847,SANITATION LABORER,STREETS & SAN,F,Hourly,40.0,,37.76
848,POLICE OFFICER,POLICE,F,Salary,,84054.0,
849,NURSE PRACTITIONER,HEALTH,F,Salary,,130596.0,
850,CHIEF PROCUREMENT OFFICER,PROCUREMENT,F,Salary,,180000.0,
851,POLICE OFFICER,POLICE,F,Salary,,84054.0,
852,POLICE OFFICER,POLICE,F,Salary,,48078.0,
853,LOAD DISPATCHER,TRANSPORTN,F,Salary,,107952.0,
854,CONSTRUCTION LABORER,WATER MGMNT,F,Hourly,40.0,,42.72
855,LIBRARY CLERK,PUBLIC LIBRARY,F,Salary,,30312.0,
856,MOTOR TRUCK DRIVER,AVIATION,F,Hourly,40.0,,36.45
857,POLICE OFFICER,POLICE,F,Salary,,93354.0,
858,POLICE OFFICER,POLICE,F,Salary,,68616.0,
859,ASPHALT FOREMAN,TRANSPORTN,F,Hourly,40.0,,43.62
860,POLICE OFFICER,POLICE,F,Salary,,87006.0,
861,PROJECT MANAGER,FLEET & FACILITY MANAGEMENT,F,Salary,,115656.0,
862,POLICE OFFICER,POLICE,F,Salary,,87006.0,
863,HOSPITALITY WORKER,FAMILY & SUPPORT,P,Hourly,20.0,,13.39
864,POLICE OFFICER,POLICE,F,Salary,,90024.0,
865,POLICE OFFICER (ASSIGNED AS EVIDENCE TECHNICIAN),POLICE,F,Salary,,98052.0,
866,LIEUTENANT-EMT,FIRE,F,Salary,,117996.0,
867,FIREFIGHTER,FIRE,F,Salary,,90024.0,
868,ASST TO THE ALDERMAN,CITY COUNCIL,F,Salary,,65160.0,
869,POLICE OFFICER,POLICE,F,Salary,,80016.0,
870,POLICE OFFICER,POLICE,F,Salary,,48078.0,
871,AVIATION SECURITY OFFICER,AVIATION,F,Salary,,67464.0,
872,ELECTRICAL MECHANIC,FLEET & FACILITY MANAGEMENT,F,Hourly,40.0,,48.35
873,CLERK III - EXCLD,HUMAN RESOURCES,F,Salary,,42996.0,
874,ASST CORPORATION COUNSEL SUPVSR,LAW,F,Salary,,107988.0,
875,PAINTER,AVIATION,F,Hourly,40.0,,46.55
876,POLICE OFFICER,POLICE,F,Salary,,72510.0,
877,SERGEANT,POLICE,F,Salary,,101442.0,
878,POLICE OFFICER,POLICE,F,Salary,,84054.0,
879,POLICE OFFICER,POLICE,F,Salary,,72510.0,
880,LAW CLERK,LAW,F,Hourly,35.0,,14.95
881,BRIDGE OPERATOR,TRANSPORTN,F,Salary,,57336.0,
882,FIREFIGHTER-EMT (RECRUIT),FIRE,F,Salary,,56304.0,
883,GENERAL LABORER - DSS,STREETS & SAN,F,Hourly,40.0,,22.38
884,POLICE OFFICER,POLICE,F,Salary,,93354.0,
885,POLICE OFFICER,POLICE,F,Salary,,72510.0,
886,POLICE OFFICER,POLICE,F,Salary,,76266.0,
887,POLICE OFFICER,POLICE,F,Salary,,80016.0,
888,DIR OF ACCOUNTING,FINANCE,F,Salary,,107244.0,
889,LIEUTENANT-EMT,FIRE,F,Salary,,117996.0,
890,SERGEANT,POLICE,F,Salary,,107988.0,
891,CONSTRUCTION LABORER,WATER MGMNT,F,Hourly,40.0,,42.72
892,SANITATION LABORER,STREETS & SAN,F,Hourly,40.0,,37.76
893,POLICE OFFICER,POLICE,F,Salary,,90024.0,
894,POLICE OFFICER,POLICE,F,Salary,,96060.0,
895,POLICE OFFICER,POLICE,F,Salary,,48078.0,
896,PARKING ENFORCEMENT AIDE,FINANCE,F,Salary,,56004.0,
897,ACCOUNTANT II,FINANCE,F,Salary,,79044.0,
898,ELECTRICAL ENGINEER IV,TRANSPORTN,F,Salary,,80628.0,
899,FIREFIGHTER-EMT,FIRE,F,Salary,,92274.0,
900,CLASSIFICATION & COMPENSATION ANALYST,HUMAN RESOURCES,F,Salary,,78828.0,
901,PAYMENT SERVICES REPRESENTATIVE,CITY CLERK,F,Salary,,63600.0,
902,POLICE OFFICER,POLICE,F,Salary,,84054.0,
903,POLICE ADMINISTRATIVE CLERK,POLICE,F,Salary,,43428.0,
904,SERGEANT,POLICE,F,Salary,,111474.0,
905,FIREFIGHTER-EMT (RECRUIT),FIRE,F,Salary,,76266.0,
906,CLERK IV,PROCUREMENT,F,Salary,,73104.0,
907,MOTOR TRUCK DRIVER,AVIATION,F,Hourly,40.0,,36.45
908,FOREMAN OF MOTOR TRUCK DRIVERS,AVIATION,F,Hourly,40.0,,38.45
909,POLICE OFFICER,POLICE,F,Salary,,87006.0,
910,GENERAL MANAGER OF AIRPORT OPERATIONS,AVIATION,F,Salary,,117984.0,
911,SENIOR EMERGENCY MANAGEMENT COORD,HEALTH,F,Salary,,75816.0,
912,PARAMEDIC I/C,FIRE,F,Salary,,91080.0,
913,POLICE OFFICER,POLICE,F,Salary,,87006.0,
914,FIREFIGHTER-EMT,FIRE,F,Salary,,92274.0,
915,AUDITOR II,FINANCE,F,Salary,,66204.0,
916,FIREFIGHTER-EMT,FIRE,F,Salary,,92274.0,
917,POLICE OFFICER,POLICE,F,Salary,,90024.0,
918,SUPERVISING PARALEGAL,LAW,F,Salary,,96096.0,
919,FIREFIGHTER (PER ARBITRATORS AWARD)-PARAMEDIC,FIRE,F,Salary,,105804.0,
920,POLICE OFFICER,POLICE,F,Salary,,68616.0,
921,PARAMEDIC,FIRE,F,Salary,,90024.0,
922,POLICE OFFICER,POLICE,F,Salary,,90024.0,
923,BUILDING/CONSTRUCTION INSPECTOR,BUILDINGS,F,Salary,,105900.0,
924,POLICE OFFICER,POLICE,F,Salary,,48078.0,
925,AVIATION SECURITY OFFICER - HOURLY,AVIATION,P,Hourly,20.0,,22.35
926,POLICE OFFICER,POLICE,F,Salary,,87006.0,
927,STAFF ASST TO THE ALDERMAN,CITY COUNCIL,F,Salary,,60228.0,
928,POLICE OFFICER,POLICE,F,Salary,,48078.0,
929,POLICE OFFICER,POLICE,F,Salary,,72510.0,
930,GLAZIER,FLEET & FACILITY MANAGEMENT,F,Hourly,40.0,,43.85
931,POLICE OFFICER,POLICE,F,Salary,,84054.0,
932,MOTOR TRUCK DRIVER,AVIATION,F,Hourly,40.0,,36.45
933,BUSINESS COMPLIANCE INVESTIGATOR,BUSINESS AFFAIRS,F,Salary,,105948.0,
934,ASST CHIEF OPERATING ENGINEER,AVIATION,F,Hourly,40.0,,55.78
935,OPERATING ENGINEER-GROUP A,AVIATION,F,Hourly,40.0,,50.71
936,POLICE OFFICER,POLICE,F,Salary,,87006.0,
937,POLICE OFFICER,POLICE,F,Salary,,76266.0,
938,POOL MOTOR TRUCK DRIVER,STREETS & SAN,F,Hourly,40.0,,36.45
939,GENERAL LABORER - AVIATION,AVIATION,F,Hourly,40.0,,21.38
940,SANITATION LABORER,STREETS & SAN,F,Hourly,40.0,,37.76
941,SIGN PAINTER,AVIATION,F,Hourly,40.0,,39.06
942,FIREFIGHTER-EMT (RECRUIT),FIRE,F,Salary,,56304.0,
943,POLICE OFFICER (ASSIGNED AS DETECTIVE),POLICE,F,Salary,,91080.0,
944,POLICE OFFICER (ASSIGNED AS DETECTIVE),POLICE,F,Salary,,91080.0,
945,PARAMEDIC,FIRE,F,Salary,,84054.0,
946,OPERATING ENGINEER-GROUP C,AVIATION,F,Hourly,40.0,,48.17
947,SANITATION LABORER,STREETS & SAN,F,Hourly,40.0,,37.76
948,SERGEANT,POLICE,F,Salary,,107988.0,
949,FIREFIGHTER-EMT (RECRUIT),FIRE,F,Salary,,76266.0,
950,POOL MOTOR TRUCK DRIVER,STREETS & SAN,F,Hourly,40.0,,36.45
951,POLICE OFFICER,POLICE,F,Salary,,72510.0,
952,POLICE OFFICER,POLICE,F,Salary,,48078.0,
953,POLICE OFFICER,POLICE,F,Salary,,68616.0,
954,FIREFIGHTER,FIRE,F,Salary,,93666.0,
955,COMPLAINT INTAKE SPECIALIST - IGO,INSPECTOR GEN,F,Salary,,48960.0,
956,AVIATION SECURITY OFFICER,AVIATION,F,Salary,,64392.0,
957,POLICE COMMUNICATIONS OPERATOR I,OEMC,F,Salary,,70644.0,
958,SUPVSR OF PERSONNEL SERVICES,DoIT,F,Salary,,96096.0,
959,PARKING ENFORCEMENT AIDE,FINANCE,F,Salary,,53496.0,
960,FIREFIGHTER-EMT,FIRE,F,Salary,,95484.0,
961,POLICE OFFICER,POLICE,F,Salary,,48078.0,
962,LIBRARY CLERK - HOURLY,PUBLIC LIBRARY,P,Hourly,20.0,,16.87
963,CONSTRUCTION LABORER,WATER MGMNT,F,Hourly,40.0,,42.72
964,ALDERMANIC AIDE,CITY COUNCIL,P,Hourly,35.0,,12.0
965,POLICE OFFICER,POLICE,F,Salary,,84054.0,
966,MOTOR TRUCK DRIVER,STREETS & SAN,F,Hourly,40.0,,36.45
967,POLICE OFFICER,POLICE,F,Salary,,87006.0,
968,FINANCIAL PLANNING ANALYST - EXCLD,PLANNING AND DEVELOPMENT,F,Salary,,78828.0,
969,POLICE OFFICER,POLICE,F,Salary,,76266.0,
970,MOTOR TRUCK DRIVER,STREETS & SAN,F,Hourly,40.0,,36.45
971,MOTOR TRUCK DRIVER,WATER MGMNT,F,Hourly,40.0,,36.45
972,POLICE OFFICER,POLICE,F,Salary,,84054.0,
973,POLICE OFFICER,POLICE,F,Salary,,48078.0,
974,SERGEANT,POLICE,F,Salary,,101442.0,
975,CONSTRUCTION LABORER,WATER MGMNT,F,Hourly,40.0,,42.72
976,ADMINISTRATIVE SERVICES OFFICER II EXCLD,HUMAN RELATIONS,F,Salary,,76164.0,
977,POLICE OFFICER,POLICE,F,Salary,,84054.0,
978,HOISTING ENGINEER,WATER MGMNT,F,Hourly,40.0,,51.1
979,POLICE OFFICER,POLICE,F,Salary,,90024.0,
980,SANITATION CLERK,STREETS & SAN,F,Salary,,73068.0,
981,CONSTRUCTION LABORER,WATER MGMNT,F,Hourly,40.0,,42.72
982,AUTOMOTIVE PAINTER,FLEET & FACILITY MANAGEMENT,F,Hourly,40.0,,46.55
983,POLICE OFFICER,POLICE,F,Salary,,93354.0,
984,POLICE OFFICER,POLICE,F,Salary,,76266.0,
985,FINANCIAL ANALYST,AVIATION,F,Salary,,61776.0,
986,POLICE OFFICER,POLICE,F,Salary,,90024.0,
987,POLICE OFFICER,POLICE,F,Salary,,87006.0,
988,ACCOUNTANT III,FINANCE,F,Salary,,96360.0,
989,INVESTIGATOR III - IG,INSPECTOR GEN,F,Salary,,94848.0,
990,POLICE OFFICER,POLICE,F,Salary,,76266.0,
991,POLICE OFFICER,POLICE,F,Salary,,84054.0,
992,POLICE OFFICER,POLICE,F,Salary,,90024.0,
993,CONSTRUCTION LABORER,WATER MGMNT,F,Hourly,40.0,,42.72
994,POLICE OFFICER / FLD TRNG OFFICER,POLICE,F,Salary,,91338.0,
995,ALDERMAN,CITY COUNCIL,F,Salary,,114444.0,
996,LIBRARY CLERK,PUBLIC LIBRARY,F,Salary,,31908.0,
997,SANITATION LABORER,STREETS & SAN,F,Hourly,40.0,,37.76
998,HEAD LIBRARY CLERK,PUBLIC LIBRARY,F,Salary,,69828.0,
999,POLICE OFFICER,POLICE,F,Salary,,93354.0,
1000,LIBRARIAN IV,PUBLIC LIBRARY,F,Salary,,105108.0,
1001,FIREFIGHTER-EMT,FIRE,F,Salary,,95484.0,
1002,LIBRARIAN IV,PUBLIC LIBRARY,F,Salary,,105108.0,
1003,POLICE OFFICER,POLICE,F,Salary,,84054.0,
1004,ADMINISTRATIVE ASST II,PUBLIC LIBRARY,F,Salary,,66612.0,
1005,STUDENT INTERN,AVIATION,F,Hourly,35.0,,13.0
1006,STAFF ASST TO THE ALDERMAN,CITY COUNCIL,F,Salary,,57324.0,
1007,POLICE OFFICER,POLICE,F,Salary,,72510.0,
1008,PROGRAM ANALYST,POLICE,F,Salary,,105948.0,
1009,POLICE OFFICER,POLICE,F,Salary,,87006.0,
1010,ASST CORPORATION COUNSEL SENIOR,LAW,F,Salary,,78036.0,
1011,POLICE OFFICER,POLICE,F,Salary,,87006.0,
1012,POLICE OFFICER,POLICE,F,Salary,,84054.0,
1013,POLICE OFFICER / FLD TRNG OFFICER,POLICE,F,Salary,,88296.0,
1014,POLICE OFFICER,POLICE,F,Salary,,90024.0,
1015,AVIATION SECURITY OFFICER,AVIATION,F,Salary,,55260.0,
1016,DETENTION AIDE,POLICE,F,Salary,,50412.0,
1017,ADMINISTRATIVE SERVICES OFFICER II,DISABILITIES,F,Salary,,116280.0,
1018,POLICE OFFICER,POLICE,F,Salary,,87006.0,
1019,POLICE OFFICER,POLICE,F,Salary,,48078.0,
1020,FIREFIGHTER,FIRE,F,Salary,,87006.0,
1021,POLICE OFFICER,POLICE,F,Salary,,48078.0,
1022,POLICE OFFICER,POLICE,F,Salary,,87006.0,
1023,AIRPORT OPERATIONS SUPVSR II,AVIATION,F,Salary,,101148.0,
1024,DEPUTY DIR,POLICE,F,Salary,,132972.0,
1025,EQUIPMENT DISPATCHER,FLEET & FACILITY MANAGEMENT,F,Hourly,40.0,,37.09
1026,MOTOR TRUCK DRIVER,WATER MGMNT,F,Hourly,40.0,,36.45
1027,ELDER PROTECTIVE INVESTIGATOR I,FAMILY & SUPPORT,F,Salary,,79836.0,
1028,TREE TRIMMER,STREETS & SAN,F,Hourly,40.0,,38.86
1029,BRICKLAYER,TRANSPORTN,F,Hourly,40.0,,46.19
1030,MOTOR TRUCK DRIVER,AVIATION,F,Hourly,40.0,,36.45
1031,CLERK IV,FINANCE,F,Salary,,43428.0,
1032,POLICE OFFICER,POLICE,F,Salary,,87006.0,
1033,LINEMAN,OEMC,F,Hourly,40.0,,51.9
1034,POLICE OFFICER,POLICE,F,Salary,,90024.0,
1035,FOREMAN OF LINEMEN,TRANSPORTN,F,Hourly,40.0,,56.9
1036,POLICE OFFICER,POLICE,F,Salary,,72510.0,
1037,POOL MOTOR TRUCK DRIVER,STREETS & SAN,F,Hourly,40.0,,36.45
1038,POLICE OFFICER (ASSIGNED AS DETECTIVE),POLICE,F,Salary,,103932.0,
1039,TITLE V PROGRAM TRAINEE I,FAMILY & SUPPORT,P,Hourly,20.0,,8.25
1040,LINEMAN,TRANSPORTN,F,Hourly,40.0,,51.9
1041,POLICE OFFICER,POLICE,F,Salary,,90024.0,
1042,PRINCIPAL PROGRAMMER/ANALYST,FIRE,F,Salary,,113652.0,
1043,LIBRARY CLERK,PUBLIC LIBRARY,F,Salary,,55344.0,
1044,CARPENTER,FLEET & FACILITY MANAGEMENT,F,Hourly,40.0,,47.35
1045,CROSSING GUARD,OEMC,P,Hourly,20.0,,19.38
1046,TRAFFIC CONTROL AIDE-HOURLY,OEMC,P,Hourly,20.0,,19.86
1047,AVIATION SECURITY OFFICER,AVIATION,F,Salary,,48072.0,
1048,ADMINISTRATIVE ASST II,AVIATION,F,Salary,,66612.0,
1049,PERSONAL COMPUTER OPERATOR III,PROCUREMENT,F,Salary,,73104.0,
1050,POLICE COMMUNICATIONS OPERATOR II,OEMC,F,Salary,,81156.0,
1051,LIEUTENANT-EMT,FIRE,F,Salary,,117996.0,
1052,PAINTER,STREETS & SAN,F,Hourly,40.0,,46.55
1053,LIEUTENANT-EMT,FIRE,F,Salary,,117996.0,
1054,POLICE OFFICER,POLICE,F,Salary,,93354.0,
1055,MOTOR TRUCK DRIVER,AVIATION,F,Hourly,40.0,,36.45
1056,MOTOR TRUCK DRIVER,AVIATION,F,Hourly,40.0,,36.45
1057,CONSTRUCTION LABORER,WATER MGMNT,F,Hourly,40.0,,42.72
1058,FIRE ENGINEER,FIRE,F,Salary,,100980.0,
1059,ELECTRICAL MECHANIC,WATER MGMNT,F,Hourly,40.0,,48.35
1060,POLICE OFFICER,POLICE,F,Salary,,72510.0,
1061,POLICE OFFICER,POLICE,F,Salary,,48078.0,
1062,STUDENT INTERN,CULTURAL AFFAIRS,F,Hourly,35.0,,13.0
1063,POLICE OFFICER,POLICE,F,Salary,,93354.0,
1064,ACCOUNTING TECHNICIAN I,FINANCE,F,Salary,,73104.0,
1065,ACCOUNTING TECHNICIAN II,FINANCE,F,Salary,,69828.0,
1066,FIREFIGHTER-EMT (RECRUIT),FIRE,F,Salary,,56304.0,
1067,POLICE OFFICER,POLICE,F,Salary,,93354.0,
1068,SANITATION LABORER,STREETS & SAN,F,Hourly,40.0,,37.76
1069,POLICE OFFICER,POLICE,F,Salary,,84054.0,
1070,FIREFIGHTER-EMT,FIRE,F,Salary,,95484.0,
1071,HEAD LIBRARY CLERK,PUBLIC LIBRARY,F,Salary,,73104.0,
1072,SANITATION LABORER,STREETS & SAN,F,Hourly,40.0,,37.76
1073,POLICE OFFICER,POLICE,F,Salary,,87006.0,
1074,POLICE OFFICER,POLICE,F,Salary,,68616.0,
1075,FIREFIGHTER-EMT,FIRE,F,Salary,,92274.0,
1076,CAPTAIN-EMT,FIRE,F,Salary,,136794.0,
1077,LEGISLATIVE AIDE,CITY COUNCIL,F,Salary,,30000.0,
1078,POLICE OFFICER,POLICE,F,Salary,,84054.0,
1079,POLICE ADMINISTRATIVE CLERK,POLICE,F,Salary,,43428.0,
1080,POLICE OFFICER,POLICE,F,Salary,,68616.0,
1081,POLICE OFFICER,POLICE,F,Salary,,84054.0,
1082,LIBRARIAN II,PUBLIC LIBRARY,F,Salary,,88152.0,
1083,WARD SUPERINTENDENT,STREETS & SAN,F,Salary,,82788.0,
1084,STAFF ASST,FIRE,F,Salary,,76584.0,
1085,STATION LABORER,WATER MGMNT,F,Salary,,46608.24,
1086,CLERK III,PUBLIC LIBRARY,F,Salary,,55344.0,
1087,FIREFIGHTER-EMT,FIRE,F,Salary,,89148.0,
1088,POLICE OFFICER,POLICE,F,Salary,,84054.0,
1089,AIRPORT OPERATIONS SUPVSR II,AVIATION,F,Salary,,116244.0,
1090,POLICE OFFICER,POLICE,F,Salary,,93354.0,
1091,POLICE OFFICER,POLICE,F,Salary,,68616.0,
1092,SENIOR PERSONNEL ASSISTANT,PUBLIC LIBRARY,F,Salary,,84024.0,
1093,POLICE OFFICER,POLICE,F,Salary,,90024.0,
1094,POLICE OFFICER,POLICE,F,Salary,,96060.0,
1095,POLICE OFFICER,POLICE,F,Salary,,87006.0,
1096,POLICE OFFICER,POLICE,F,Salary,,68616.0,
1097,COMMUNITY ORGANIZER-CAPS,POLICE,F,Salary,,76584.0,
1098,POLICE OFFICER,POLICE,F,Salary,,87006.0,
1099,POLICE OFFICER,POLICE,F,Salary,,93354.0,
1100,POLICE OFFICER,POLICE,F,Salary,,90024.0,
1101,FIRE ENGINEER-EMT,FIRE,F,Salary,,107106.0,
1102,POLICE OFFICER,POLICE,F,Salary,,72510.0,
1103,CLERK III,HEALTH,F,Salary,,57924.0,
1104,SANITATION LABORER,STREETS & SAN,F,Hourly,40.0,,37.76
1105,MOTOR TRUCK DRIVER,AVIATION,F,Hourly,40.0,,36.45
1106,AVIATION SECURITY OFFICER,AVIATION,F,Salary,,48072.0,
1107,POLICE OFFICER,POLICE,F,Salary,,68616.0,
1108,SENIOR STOREKEEPER,PUBLIC LIBRARY,F,Salary,,52800.0,
1109,POLICE OFFICER,POLICE,F,Salary,,48078.0,
1110,LIBRARY ASSOCIATE,PUBLIC LIBRARY,F,Salary,,72480.0,
1111,GENERAL LABORER - DSS,STREETS & SAN,F,Hourly,40.0,,22.38
1112,LIEUTENANT,POLICE,F,Salary,,127692.0,
1113,GENERAL LABORER - DSS,STREETS & SAN,F,Hourly,40.0,,25.19
1114,POLICE OFFICER (ASSIGNED AS DETECTIVE),POLICE,F,Salary,,103932.0,
1115,BUSINESS CONSULTANT SUPERVISOR,BUSINESS AFFAIRS,F,Salary,,72024.0,
1116,ASSOC CLASSIFICATION & COMP ANALYST,HUMAN RESOURCES,F,Salary,,61236.0,
1117,MOTOR TRUCK DRIVER,STREETS & SAN,F,Hourly,40.0,,36.45
1118,SERGEANT,POLICE,F,Salary,,104628.0,
1119,FIREFIGHTER-EMT,FIRE,F,Salary,,92274.0,
1120,CROSSING GUARD - PER CBA,OEMC,P,Hourly,20.0,,13.94
1121,POLICE OFFICER,POLICE,F,Salary,,96060.0,
1122,SERGEANT,POLICE,F,Salary,,107988.0,
1123,CIVIL ENGINEER V,WATER MGMNT,F,Salary,,100620.0,
1124,LIEUTENANT-EMT,FIRE,F,Salary,,114324.0,
1125,CARPENTER,WATER MGMNT,F,Hourly,40.0,,47.35
1126,DEPUTY COMPTROLLER,FINANCE,F,Salary,,124056.0,
1127,DEPUTY COMMISSIONER,HEALTH,F,Salary,,165504.0,
1128,MASON INSPECTOR,WATER MGMNT,F,Salary,,105684.84,
1129,POLICE OFFICER,POLICE,F,Salary,,76266.0,
1130,POLICE OFFICER,POLICE,F,Salary,,87006.0,
1131,ASST GENERAL SUPT OF STREETS AND SANITATION,STREETS & SAN,F,Salary,,110436.0,
1132,AIRPORT FACILITIES MANAGER,AVIATION,F,Salary,,79020.0,
1133,AVIATION SECURITY OFFICER,AVIATION,F,Salary,,55260.0,
1134,ADMINISTRATIVE ASST III,AVIATION,F,Salary,,54828.0,
1135,DIR OF ACCOUNTING,FINANCE,F,Salary,,119412.0,
1136,POLICE OFFICER,POLICE,F,Salary,,76266.0,
1137,TREE TRIMMER,STREETS & SAN,F,Hourly,40.0,,27.2
1138,SERGEANT,POLICE,F,Salary,,101442.0,
1139,POLICE OFFICER / FLD TRNG OFFICER,POLICE,F,Salary,,88296.0,
1140,POLICE OFFICER,POLICE,F,Salary,,48078.0,
1141,FILTRATION ENGINEER II,WATER MGMNT,F,Salary,,87276.0,
1142,DETENTION AIDE,POLICE,F,Salary,,61464.0,
1143,DETENTION AIDE,POLICE,F,Salary,,70644.0,
1144,POLICE OFFICER (ASSIGNED AS DETECTIVE),POLICE,F,Salary,,94122.0,
1145,CONCRETE LABORER,TRANSPORTN,F,Hourly,40.0,,42.72
1146,POLICE OFFICER,POLICE,F,Salary,,93354.0,
1147,CROSSING GUARD - PER CBA,OEMC,P,Hourly,20.0,,13.94
1148,ASST BENEFITS MANAGER,FINANCE,F,Salary,,99180.0,
1149,FIREFIGHTER-EMT,FIRE,F,Salary,,89148.0,
1150,WATER CHEMIST II,WATER MGMNT,F,Salary,,88152.0,
1151,FOSTER GRANDPARENT,FAMILY & SUPPORT,P,Hourly,20.0,,2.65
1152,FIRE COMMUNICATIONS OPERATOR I,OEMC,F,Salary,,67776.0,
1153,POLICE OFFICER,POLICE,F,Salary,,76266.0,
1154,POLICE OFFICER (ASSIGNED AS DETECTIVE),POLICE,F,Salary,,94122.0,
1155,POLICE OFFICER,POLICE,F,Salary,,84054.0,
1156,CROSSING GUARD,OEMC,P,Hourly,20.0,,19.38
1157,SUPVSR OF ACCOUNTING,PLANNING AND DEVELOPMENT,F,Salary,,110400.0,
1158,TRAFFIC CONTROL AIDE,OEMC,F,Salary,,64392.0,
1159,PROCESS SERVER,LAW,F,Salary,,47652.0,
1160,POLICE OFFICER,POLICE,F,Salary,,96060.0,
1161,POLICE OFFICER,POLICE,F,Salary,,90024.0,
1162,ASST CORPORATION COUNSEL I,LAW,F,Salary,,71136.0,
1163,FINANCE OFFICER,HEALTH,F,Salary,,105108.0,
1164,ADMINISTRATIVE ASST III,HEALTH,F,Salary,,88044.0,
1165,ASST MANAGER - BD OF ELECTIONS,BOARD OF ELECTION,F,Salary,,86832.0,
1166,SERGEANT,POLICE,F,Salary,,111474.0,
1167,POLICE OFFICER,POLICE,F,Salary,,90024.0,
1168,POLICE OFFICER,POLICE,F,Salary,,80016.0,
1169,POLICE OFFICER,POLICE,F,Salary,,84054.0,
1170,POLICE OFFICER,POLICE,F,Salary,,90024.0,
1171,MACHINIST (AUTOMOTIVE),FLEET & FACILITY MANAGEMENT,F,Hourly,40.0,,48.38
1172,ASST CORPORATION COUNSEL SUPVSR,LAW,F,Salary,,98424.0,
1173,DETENTION AIDE,POLICE,F,Salary,,67464.0,
1174,FIREFIGHTER-EMT,FIRE,F,Salary,,103272.0,
1175,SANITATION LABORER,STREETS & SAN,F,Hourly,40.0,,37.76
1176,POLICE OFFICER,POLICE,F,Salary,,93354.0,
1177,POLICE OFFICER,POLICE,F,Salary,,72510.0,
1178,SANITATION LABORER,STREETS & SAN,F,Hourly,40.0,,37.76
1179,FIRE COMMUNICATIONS OPERATOR I,OEMC,F,Salary,,71268.0,
1180,STUDENT INTERN,CULTURAL AFFAIRS,F,Hourly,35.0,,13.0
1181,CROSSING GUARD - PER CBA,OEMC,P,Hourly,20.0,,14.54
1182,POOL MOTOR TRUCK DRIVER,STREETS & SAN,P,Hourly,10.0,,29.16
1183,POLICE OFFICER (ASSIGNED AS DETECTIVE),POLICE,F,Salary,,94122.0,
1184,POLICE OFFICER,POLICE,F,Salary,,90024.0,
1185,FIREFIGHTER-EMT,FIRE,F,Salary,,89148.0,
1186,ARCHITECT IV,BUILDINGS,F,Salary,,114780.0,
1187,SERGEANT,POLICE,F,Salary,,104628.0,
1188,SERGEANT,POLICE,F,Salary,,101442.0,
1189,FOSTER GRANDPARENT,FAMILY & SUPPORT,P,Hourly,20.0,,2.65
1190,ASST CORPORATION COUNSEL SENIOR,LAW,F,Salary,,98424.0,
1191,POLICE OFFICER (ASSIGNED AS DETECTIVE),POLICE,F,Salary,,100980.0,
1192,POLICE OFFICER,POLICE,F,Salary,,68616.0,
1193,LIEUTENANT-EMT,FIRE,F,Salary,,121818.0,
1194,POLICE OFFICER,POLICE,F,Salary,,48078.0,
1195,PARAMEDIC I/C,FIRE,F,Salary,,94122.0,
1196,PARAMEDIC I/C,FIRE,F,Salary,,91080.0,
1197,GENERAL LABORER - DSS,STREETS & SAN,F,Hourly,40.0,,25.19
1198,POLICE OFFICER,POLICE,F,Salary,,93354.0,
1199,POLICE OFFICER,POLICE,F,Salary,,93354.0,
1200,LAW CLERK,LAW,F,Hourly,35.0,,14.95
1201,LIEUTENANT-EMT,FIRE,F,Salary,,114324.0,
1202,CONSTRUCTION LABORER,WATER MGMNT,F,Hourly,40.0,,42.72
1203,AVIATION COMMUNICATIONS OPERATOR,OEMC,F,Salary,,77520.0,
1204,PERSONAL COMPUTER OPERATOR II,CITY CLERK,F,Salary,,66612.0,
1205,STAFF ASST TO THE ALDERMAN,CITY COUNCIL,F,Salary,,35004.0,
1206,SUPERINTENDENT OF SPECIAL TRAFFIC SERVICES,OEMC,F,Salary,,87564.0,
1207,PERSONNEL ASSISTANT,POLICE,F,Salary,,73104.0,
1208,ALDERMAN,CITY COUNCIL,F,Salary,,120384.0,
1209,AVIATION COMMUNICATIONS OPERATOR,OEMC,F,Salary,,73992.0,
1210,POLICE OFFICER,POLICE,F,Salary,,48078.0,
1211,WARD SUPERINTENDENT,STREETS & SAN,F,Salary,,79020.0,
1212,POLICE OFFICER,POLICE,F,Salary,,96060.0,
1213,ASST COMMISSIONER,STREETS & SAN,F,Salary,,106812.0,
1214,ALDERMANIC AIDE,CITY COUNCIL,F,Salary,,15000.0,
1215,POOL MOTOR TRUCK DRIVER,TRANSPORTN,F,Hourly,40.0,,36.45
1216,GENERAL LABORER - AVIATION,AVIATION,F,Hourly,40.0,,22.74
1217,POLICE OFFICER,POLICE,F,Salary,,93354.0,
1218,FIREFIGHTER-EMT,FIRE,F,Salary,,99324.0,
1219,POLICE OFFICER,POLICE,F,Salary,,87006.0,
1220,SANITATION LABORER,STREETS & SAN,F,Hourly,40.0,,37.76
1221,CROSSING GUARD - PER CBA,OEMC,P,Hourly,20.0,,15.22
1222,FIREFIGHTER-EMT (RECRUIT),FIRE,F,Salary,,76266.0,
1223,POLICE OFFICER,POLICE,F,Salary,,48078.0,
1224,POLICE OFFICER,POLICE,F,Salary,,93354.0,
1225,POLICE OFFICER,POLICE,F,Salary,,87006.0,
1226,POLICE OFFICER,POLICE,F,Salary,,72510.0,
1227,POLICE OFFICER,POLICE,F,Salary,,90024.0,
1228,GENERAL LABORER - DSS,STREETS & SAN,F,Hourly,40.0,,23.05
1229,PROGRAM DIR,DISABILITIES,F,Salary,,82788.0,
1230,POLICE OFFICER,POLICE,F,Salary,,48078.0,
1231,FIREFIGHTER-EMT,FIRE,F,Salary,,95484.0,
1232,LIBRARY CLERK,PUBLIC LIBRARY,F,Salary,,30312.0,
1233,FIREFIGHTER-EMT,FIRE,F,Salary,,89148.0,
1234,POLICE OFFICER / FLD TRNG OFFICER,POLICE,F,Salary,,91338.0,
1235,DEPUTY CORPORATION COUNSEL,LAW,F,Salary,,143976.0,
1236,POLICE OFFICER,POLICE,F,Salary,,48078.0,
1237,MOTOR TRUCK DRIVER,PUBLIC LIBRARY,F,Hourly,40.0,,37.0
1238,PARAMEDIC,FIRE,F,Salary,,68616.0,
1239,POOL MOTOR TRUCK DRIVER,AVIATION,P,Hourly,10.0,,29.16
1240,SERGEANT,POLICE,F,Salary,,111474.0,
1241,POLICE OFFICER,POLICE,F,Salary,,72510.0,
1242,CROSSING GUARD,OEMC,P,Hourly,20.0,,17.68
1243,POLICE OFFICER,POLICE,F,Salary,,48078.0,
1244,POLICE OFFICER,POLICE,F,Salary,,87006.0,
1245,MOTOR TRUCK DRIVER,STREETS & SAN,F,Hourly,40.0,,36.45
1246,CONCRETE LABORER,TRANSPORTN,F,Hourly,40.0,,42.72
1247,CONCRETE LABORER,TRANSPORTN,F,Hourly,40.0,,42.72
1248,CHIEF AIRPORT OPERATIONS SUPVSR,AVIATION,F,Salary,,115656.0,
1249,POLICE OFFICER,POLICE,F,Salary,,87006.0,
1250,POLICE OFFICER / FLD TRNG OFFICER,POLICE,F,Salary,,94524.0,
1251,COMMANDER,POLICE,F,Salary,,162684.0,
1252,POLICE OFFICER,POLICE,F,Salary,,72510.0,
1253,CONCRETE LABORER,TRANSPORTN,F,Hourly,40.0,,42.72
1254,ASST TO THE COMMISSIONER,WATER MGMNT,F,Salary,,76932.0,
1255,POLICE OFFICER / FLD TRNG OFFICER,POLICE,F,Salary,,88296.0,
1256,CROSSING GUARD,OEMC,P,Hourly,20.0,,18.52
1257,FIREFIGHTER-EMT (RECRUIT),FIRE,F,Salary,,56304.0,
1258,MOTOR TRUCK DRIVER,WATER MGMNT,F,Hourly,40.0,,36.45
1259,POLICE OFFICER,POLICE,F,Salary,,84054.0,
1260,POLICE OFFICER,POLICE,F,Salary,,80016.0,
1261,STAFF ASST TO THE ALDERMAN,CITY COUNCIL,F,Salary,,45876.0,
1262,COMMUNICATIONS OPERATOR I - 311,OEMC,F,Salary,,66612.0,
1263,CEMENT FINISHER,TRANSPORTN,F,Hourly,40.0,,45.25
1264,SERGEANT,POLICE,F,Salary,,104628.0,
1265,POLICE OFFICER,POLICE,F,Salary,,72510.0,
1266,MOTOR TRUCK DRIVER - TIRE REPAIR,FLEET & FACILITY MANAGEMENT,F,Hourly,40.0,,37.0
1267,POLICE OFFICER,POLICE,F,Salary,,76266.0,
1268,POLICY ANALYST,BUILDINGS,F,Salary,,91092.0,
1269,MOTOR TRUCK DRIVER,AVIATION,F,Hourly,40.0,,36.45
1270,LIEUTENANT-EMT,FIRE,F,Salary,,117996.0,
1271,POLICE OFFICER (ASGND AS MOUNTED PATROL OFFICER),POLICE,F,Salary,,94524.0,
1272,POLICE OFFICER,POLICE,F,Salary,,72510.0,
1273,POOL MOTOR TRUCK DRIVER,AVIATION,F,Hourly,40.0,,36.45
1274,FIELD SANITATION SPECIALIST,STREETS & SAN,F,Salary,,88008.0,
1275,POLICE OFFICER,POLICE,F,Salary,,84054.0,
1276,ASST PAYROLL ADMINISTRATOR,FIRE,F,Salary,,67800.0,
1277,POOL MOTOR TRUCK DRIVER,AVIATION,F,Hourly,40.0,,32.81
1278,SANITATION LABORER,STREETS & SAN,F,Hourly,40.0,,37.76
1279,CONCRETE LABORER,TRANSPORTN,F,Hourly,40.0,,42.72
1280,POLICE OFFICER,POLICE,F,Salary,,84054.0,
1281,SUPERVISING DISEASE CONTROL INVESTIGATOR,HEALTH,F,Salary,,84024.0,
1282,POLICE OFFICER,POLICE,F,Salary,,72510.0,
1283,FIRE MARSHAL-EMT,FIRE,F,Salary,,95484.0,
1284,TREE TRIMMER,STREETS & SAN,F,Hourly,40.0,,27.2
1285,FIREFIGHTER-EMT,FIRE,F,Salary,,84870.0,
1286,SERGEANT,POLICE,F,Salary,,104628.0,
1287,LIEUTENANT,POLICE,F,Salary,,123894.0,
1288,SANITATION LABORER,STREETS & SAN,F,Hourly,40.0,,37.76
1289,PROPERTY CUSTODIAN - AUTO POUND,STREETS & SAN,F,Salary,,63600.0,
1290,LIBRARIAN III,PUBLIC LIBRARY,F,Salary,,96360.0,
1291,POLICE OFFICER,POLICE,F,Salary,,80016.0,
1292,WATER CHEMIST II,WATER MGMNT,F,Salary,,65040.0,
1293,POLICE OFFICER,POLICE,F,Salary,,90024.0,
1294,ASST CORPORATION COUNSEL SUPVSR,LAW,F,Salary,,98424.0,
1295,POLICE OFFICER,POLICE,F,Salary,,90024.0,
1296,SANITATION LABORER,STREETS & SAN,F,Hourly,40.0,,37.76
1297,SERGEANT,POLICE,F,Salary,,101442.0,
1298,SR PROCUREMENT SPECIALIST,PROCUREMENT,F,Salary,,75408.0,
1299,POLICE OFFICER,POLICE,F,Salary,,72510.0,
1300,FIREFIGHTER-EMT (RECRUIT),FIRE,F,Salary,,76266.0,
1301,SERGEANT,POLICE,F,Salary,,104628.0,
1302,FILTRATION ENGINEER V,WATER MGMNT,F,Salary,,125484.0,
1303,MACHINIST (AUTOMOTIVE),FLEET & FACILITY MANAGEMENT,F,Hourly,40.0,,48.38
1304,POLICE OFFICER (ASSIGNED AS DETECTIVE),POLICE,F,Salary,,94122.0,
1305,POLICE OFFICER (ASSIGNED AS DETECTIVE),POLICE,F,Salary,,94122.0,
1306,POLICE OFFICER,POLICE,F,Salary,,68616.0,
1307,POLICE OFFICER,POLICE,F,Salary,,76266.0,
1308,ELECTRICAL MECHANIC,FLEET & FACILITY MANAGEMENT,F,Hourly,40.0,,48.35
1309,TRAFFIC SIGNAL REPAIRMAN,TRANSPORTN,F,Salary,,107952.0,
1310,POLICE OFFICER,POLICE,F,Salary,,93354.0,
1311,POLICE OFFICER,POLICE,F,Salary,,68616.0,
1312,SERGEANT,POLICE,F,Salary,,107988.0,
1313,POLICE OFFICER,POLICE,F,Salary,,93354.0,
1314,POLICE OFFICER,POLICE,F,Salary,,72510.0,
1315,POLICE OFFICER,POLICE,F,Salary,,93354.0,
1316,FIREFIGHTER (PER ARBITRATORS AWARD)-EMT,FIRE,F,Salary,,103350.0,
1317,POLICE OFFICER,POLICE,F,Salary,,84054.0,
1318,SERGEANT,POLICE,F,Salary,,111474.0,
1319,POLICE OFFICER,POLICE,F,Salary,,93354.0,
1320,POLICE OFFICER,POLICE,F,Salary,,93354.0,
1321,QUALITY MGMT ANALYST - COPA,COPA,F,Salary,,65040.0,
1322,ASST CHIEF OPERATING ENGINEER,AVIATION,F,Hourly,40.0,,55.78
1323,TREE TRIMMER,STREETS & SAN,F,Hourly,40.0,,38.86
1324,ASST TO THE MAYOR,MAYOR'S OFFICE,F,Salary,,125004.0,
1325,FILTRATION ENGINEER III,WATER MGMNT,F,Salary,,105108.0,
1326,POLICE OFFICER,POLICE,F,Salary,,96060.0,
1327,POLICE OFFICER,POLICE,F,Salary,,93354.0,
1328,ANIMAL CARE CLERK - HOURLY,ANIMAL CONTRL,P,Hourly,20.0,,23.86
1329,POLICE OFFICER,POLICE,F,Salary,,90024.0,
1330,POLICE OFFICER,POLICE,F,Salary,,87006.0,
1331,LAW CLERK,LAW,F,Hourly,35.0,,14.95
1332,FIREFIGHTER-EMT (RECRUIT),FIRE,F,Salary,,56304.0,
1333,AIRPORT OPERATIONS SUPVSR I,AVIATION,F,Salary,,72360.0,
1334,POLICE OFFICER,POLICE,F,Salary,,87006.0,
1335,POLICE OFFICER,POLICE,F,Salary,,90024.0,
1336,HUMAN RELATIONS SPECIALIST II,HUMAN RELATIONS,F,Salary,,96564.0,
1337,POLICE OFFICER,POLICE,F,Salary,,72510.0,
1338,LABORER,TRANSPORTN,F,Hourly,40.0,,42.72
1339,DETENTION AIDE,POLICE,F,Salary,,77520.0,
1340,POLICE OFFICER,POLICE,F,Salary,,72510.0,
1341,FIREFIGHTER-EMT,FIRE,F,Salary,,89148.0,
1342,MOTOR TRUCK DRIVER,AVIATION,F,Hourly,40.0,,36.45
1343,POLICE OFFICER / FLD TRNG OFFICER,POLICE,F,Salary,,100980.0,
1344,POLICE OFFICER,POLICE,F,Salary,,72510.0,
1345,CHIEF ASST CORPORATION COUNSEL,LAW,F,Salary,,130884.0,
1346,FIREFIGHTER (PER ARBITRATORS AWARD)-PARAMEDIC,FIRE,F,Salary,,105804.0,
1347,ASST CORPORATION COUNSEL SENIOR,LAW,F,Salary,,118500.0,
1348,POLICE OFFICER (ASSIGNED AS DETECTIVE),POLICE,F,Salary,,103932.0,
1349,CONSTRUCTION LABORER,WATER MGMNT,F,Hourly,40.0,,42.72
1350,CONSTRUCTION LABORER,WATER MGMNT,F,Hourly,40.0,,42.72
1351,POLICE COMMUNICATIONS OPERATOR I,OEMC,F,Salary,,55260.0,
1352,COMMUNICATIONS OPERATOR I - 311,OEMC,F,Salary,,73104.0,
1353,DIR OF ADMINISTRATION I,HEALTH,F,Salary,,72744.0,
1354,GENERAL LABORER - DSS,STREETS & SAN,F,Hourly,40.0,,21.73
1355,STAFF ASST,FINANCE,F,Salary,,92136.0,
1356,POLICE OFFICER,POLICE,F,Salary,,84054.0,
1357,POLICE OFFICER,POLICE,F,Salary,,96060.0,
1358,POLICE OFFICER,POLICE,F,Salary,,87006.0,
1359,LIBRARIAN I,PUBLIC LIBRARY,F,Salary,,79836.0,
1360,CEMENT FINISHER,TRANSPORTN,F,Hourly,40.0,,45.25
1361,POLICE OFFICER,POLICE,F,Salary,,72510.0,
1362,POLICE OFFICER,POLICE,F,Salary,,84054.0,
1363,POLICE OFFICER,POLICE,F,Salary,,87006.0,
1364,CAPTAIN,POLICE,F,Salary,,136170.0,
1365,FIREFIGHTER-EMT (RECRUIT),FIRE,F,Salary,,56304.0,
1366,POLICE OFFICER,POLICE,F,Salary,,76266.0,
1367,LIEUTENANT,POLICE,F,Salary,,120252.0,
1368,POLICE OFFICER,POLICE,F,Salary,,68616.0,
1369,POLICE ADMINISTRATIVE CLERK,POLICE,F,Salary,,45516.0,
1370,POLICE OFFICER,POLICE,F,Salary,,48078.0,
1371,POLICE OFFICER,POLICE,F,Salary,,84054.0,
1372,FINANCE OFFICER,CULTURAL AFFAIRS,F,Salary,,95388.0,
1373,POLICE OFFICER,POLICE,F,Salary,,68616.0,
1374,POLICE OFFICER,POLICE,F,Salary,,93354.0,
1375,DISTRICT MANAGER - HUMAN SERVICES,FAMILY & SUPPORT,F,Salary,,100668.0,
1376,POOL MOTOR TRUCK DRIVER,STREETS & SAN,P,Hourly,10.0,,29.16
1377,GENERAL LABORER - DSS,STREETS & SAN,F,Hourly,40.0,,21.73
1378,ACCOUNTING TECHNICIAN II,FINANCE,F,Salary,,80232.0,
1379,POLICE OFFICER (ASSIGNED AS DETECTIVE),POLICE,F,Salary,,91080.0,
1380,SUPPORT SERVICES COORD,FAMILY & SUPPORT,F,Salary,,76584.0,
1381,POLICE OFFICER / FLD TRNG OFFICER,POLICE,F,Salary,,98052.0,
1382,POLICE OFFICER,POLICE,F,Salary,,93354.0,
1383,GENERAL LABORER - DSS,STREETS & SAN,F,Hourly,40.0,,23.74
1384,STAFF ASST,BUILDINGS,F,Salary,,96564.0,
1385,PARAMEDIC,FIRE,F,Salary,,90024.0,
1386,POLICE OFFICER,POLICE,F,Salary,,72510.0,
1387,FIREFIGHTER-EMT,FIRE,F,Salary,,95484.0,
1388,CEMENT FINISHER,TRANSPORTN,F,Hourly,40.0,,45.25
1389,POLICE OFFICER,POLICE,F,Salary,,87006.0,
1390,MOTOR TRUCK DRIVER,STREETS & SAN,F,Hourly,40.0,,36.45
1391,FIREFIGHTER-EMT,FIRE,F,Salary,,95484.0,
1392,POLICE OFFICER,POLICE,F,Salary,,96060.0,
1393,SANITATION LABORER,STREETS & SAN,F,Hourly,40.0,,37.76
1394,FLEET SERVICES SUPVSR,FLEET & FACILITY MANAGEMENT,F,Hourly,40.0,,25.88
1395,POLICE OFFICER,POLICE,F,Salary,,87006.0,
1396,SERGEANT,POLICE,F,Salary,,107988.0,
1397,FIREFIGHTER,FIRE,F,Salary,,93666.0,
1398,CROSSING GUARD,OEMC,P,Hourly,20.0,,18.52
1399,LIEUTENANT,POLICE,F,Salary,,127692.0,
1400,POLICE OFFICER,POLICE,F,Salary,,96060.0,
1401,PARALEGAL II,LAW,F,Salary,,88044.0,
1402,CLERK III,POLICE,F,Salary,,60744.0,
1403,MOTOR TRUCK DRIVER,STREETS & SAN,F,Hourly,40.0,,36.45
1404,ELECTRICAL MECHANIC (AUTOMOTIVE),FLEET & FACILITY MANAGEMENT,F,Hourly,40.0,,48.35
1405,POLICE OFFICER,POLICE,F,Salary,,87006.0,
1406,POLICE OFFICER,POLICE,F,Salary,,48078.0,
1407,MOTOR TRUCK DRIVER,STREETS & SAN,F,Hourly,40.0,,36.45
1408,TIMEKEEPER - CPD,POLICE,F,Salary,,43920.0,
1409,CROSSING GUARD - PER CBA,OEMC,P,Hourly,20.0,,18.22
1410,POLICE OFFICER,POLICE,F,Salary,,87006.0,
1411,LIBRARY ASSOCIATE - HOURLY,PUBLIC LIBRARY,P,Hourly,20.0,,26.18
1412,POOL MOTOR TRUCK DRIVER,STREETS & SAN,P,Hourly,10.0,,36.45
1413,HOUSE DRAIN INSPECTOR,WATER MGMNT,F,Salary,,108630.0,
1414,POLICE OFFICER,POLICE,F,Salary,,87006.0,
1415,POLICE CADET,POLICE,P,Hourly,35.0,,12.0
1416,CROSSING GUARD - PER CBA,OEMC,P,Hourly,20.0,,13.94
1417,FIREFIGHTER-EMT,FIRE,F,Salary,,84870.0,
1418,MOTOR TRUCK DRIVER,AVIATION,F,Hourly,40.0,,36.45
1419,SANITATION LABORER,STREETS & SAN,F,Hourly,40.0,,37.76
1420,CLERK - BD OF ELECTIONS,BOARD OF ELECTION,F,Salary,,29328.0,
1421,GENERAL LABORER - AVIATION,AVIATION,F,Hourly,40.0,,22.05
1422,POLICE OFFICER,POLICE,F,Salary,,93354.0,
1423,POLICE OFFICER (ASSIGNED AS DETECTIVE),POLICE,F,Salary,,97440.0,
1424,POLICE OFFICER,POLICE,F,Salary,,84054.0,
1425,CAPTAIN-EMT,FIRE,F,Salary,,136794.0,
1426,POLICE OFFICER,POLICE,F,Salary,,90024.0,
1427,CONSTRUCTION LABORER,WATER MGMNT,F,Hourly,40.0,,42.72
1428,WATER RATE TAKER,WATER MGMNT,F,Salary,,60108.0,
1429,MOTOR TRUCK DRIVER,TRANSPORTN,F,Hourly,40.0,,36.45
1430,PROJECT MANAGER - DOIT,DoIT,F,Salary,,101196.0,
1431,POLICE OFFICER,POLICE,F,Salary,,87006.0,
1432,TRAFFIC CONTROL AIDE-HOURLY,OEMC,P,Hourly,20.0,,19.86
1433,STAFF ASST,FIRE,F,Salary,,96564.0,
1434,FIREFIGHTER-EMT,FIRE,F,Salary,,92274.0,
1435,SENIOR PERFORMANCE ANALYST,INSPECTOR GEN,F,Salary,,75408.0,
1436,POLICE OFFICER,POLICE,F,Salary,,68616.0,
1437,POLICE OFFICER,POLICE,F,Salary,,90024.0,
1438,POLICE OFFICER,POLICE,F,Salary,,84054.0,
1439,POLICE OFFICER,POLICE,F,Salary,,96060.0,
1440,MOTOR TRUCK DRIVER,WATER MGMNT,F,Hourly,40.0,,36.45
1441,POLICE OFFICER,POLICE,F,Salary,,90024.0,
1442,POLICE OFFICER,POLICE,F,Salary,,48078.0,
1443,CLERK CITY COUNCIL,CITY COUNCIL,F,Salary,,25764.0,
1444,POLICE OFFICER,POLICE,F,Salary,,96060.0,
1445,SERGEANT,POLICE,F,Salary,,104628.0,
1446,POLICE OFFICER (ASSIGNED AS DETECTIVE),POLICE,F,Salary,,91080.0,
1447,SANITATION LABORER,STREETS & SAN,F,Hourly,40.0,,37.76
1448,POLICE OFFICER (ASSIGNED AS EVIDENCE TECHNICIAN),POLICE,F,Salary,,94524.0,
1449,POLICE OFFICER,POLICE,F,Salary,,90024.0,
1450,CROSSING GUARD,OEMC,P,Hourly,20.0,,16.88
1451,REHABILITATION CONSTRUCTION SPECIALIST,HOUSING,F,Salary,,63660.0,
1452,STAFF ASST,TRANSPORTN,F,Salary,,96564.0,
1453,POLICE OFFICER (ASSIGNED AS DETECTIVE),POLICE,F,Salary,,103932.0,
1454,POLICE COMMUNICATIONS OPERATOR II,OEMC,F,Salary,,70644.0,
1455,HEAD LIBRARY CLERK,PUBLIC LIBRARY,F,Salary,,73104.0,
1456,POLICE OFFICER,POLICE,F,Salary,,96060.0,
1457,POLICE OFFICER,POLICE,F,Salary,,93354.0,
1458,CONSTRUCTION LABORER,AVIATION,F,Hourly,40.0,,42.72
1459,SANITARIAN II,HEALTH,F,Salary,,84024.0,
1460,CONSTRUCTION LABORER,WATER MGMNT,F,Hourly,40.0,,42.72
1461,FIREFIGHTER-EMT,FIRE,F,Salary,,92274.0,
1462,POLICE ADMINISTRATIVE CLERK,POLICE,F,Salary,,43428.0,
1463,TRAFFIC CONTROL AIDE,OEMC,F,Salary,,64392.0,
1464,LIBRARIAN I,PUBLIC LIBRARY,F,Salary,,79836.0,
1465,DATA ENTRY OPERATOR,POLICE,F,Salary,,48132.0,
1466,CONSTRUCTION LABORER,WATER MGMNT,F,Hourly,40.0,,42.72
1467,POLICE OFFICER,POLICE,F,Salary,,87006.0,
1468,LABORER,AVIATION,F,Hourly,40.0,,37.09
1469,LIEUTENANT,POLICE,F,Salary,,123894.0,
1470,POLICE OFFICER,POLICE,F,Salary,,80016.0,
1471,POLICE OFFICER,POLICE,F,Salary,,84054.0,
1472,POLICE OFFICER,POLICE,F,Salary,,80016.0,
1473,CROSSING GUARD,OEMC,P,Hourly,20.0,,22.36
1474,POOL MOTOR TRUCK DRIVER,STREETS & SAN,F,Hourly,40.0,,36.45
1475,POLICE OFFICER,POLICE,F,Salary,,84054.0,
1476,MOTOR TRUCK DRIVER,STREETS & SAN,F,Hourly,40.0,,36.45
1477,LABORER,TRANSPORTN,F,Hourly,40.0,,42.72
1478,POLICE OFFICER,POLICE,F,Salary,,72510.0,
1479,POOL MOTOR TRUCK DRIVER,AVIATION,F,Hourly,40.0,,36.45
1480,LIEUTENANT-EMT,FIRE,F,Salary,,114324.0,
1481,POLICE OFFICER (ASSIGNED AS DETECTIVE),POLICE,F,Salary,,103932.0,
1482,PAYMENT SERVICES REPRESENTATIVE,FINANCE,F,Salary,,63600.0,
1483,CROSSING GUARD,OEMC,P,Hourly,20.0,,22.36
1484,FIREFIGHTER (PER ARBITRATORS AWARD)-PARAMEDIC,FIRE,F,Salary,,105804.0,
1485,CAPTAIN-EMT,FIRE,F,Salary,,136794.0,
1486,SERGEANT,POLICE,F,Salary,,107988.0,
1487,CIVIL ENGINEER III,WATER MGMNT,F,Salary,,105108.0,
1488,CROSSING GUARD,OEMC,P,Hourly,20.0,,17.68
1489,MANAGER OF VEHICLE MAINTENANCE,FLEET & FACILITY MANAGEMENT,F,Salary,,96096.0,
1490,EMERGENCY CREW DISPATCHER,WATER MGMNT,F,Hourly,40.0,,42.72
1491,FIREFIGHTER-EMT (RECRUIT),FIRE,F,Salary,,76266.0,
1492,SANITATION LABORER,STREETS & SAN,F,Hourly,40.0,,37.76
1493,POLICE OFFICER / FLD TRNG OFFICER,POLICE,F,Salary,,84054.0,
1494,POLICE OFFICER (ASSIGNED AS DETECTIVE),POLICE,F,Salary,,100980.0,
1495,SERGEANT,POLICE,F,Salary,,107988.0,
1496,POLICE OFFICER,POLICE,F,Salary,,84054.0,
1497,SANITATION LABORER,STREETS & SAN,F,Hourly,40.0,,37.76
1498,POLICE OFFICER,POLICE,F,Salary,,72510.0,
1499,POLICE OFFICER,POLICE,F,Salary,,93354.0,
